ID,AF3_ID,Backbone_smiles,mutation_pos_1,pep_sequence,pep_smiles,length,pep_sequence_model,pep_smiles_model,add_side_temp,add_side_MW
Bit-01-R,187,[H]N[C@H](C(NC(C)(C(N[C@@H](CCC(O)=O)C(NCC(N[C@](C(N[C@H](C(N[C@](C(N[C@@H](CO)C(N[C@H](C(N[C@H](C(N[C@@H](CO)C(N[C@](C(N[C@](C(N[C@@H](CC(C)C)C(N[C@H](C(N[C@H](C(N[C@@H](CCCCN)C(N[C@H](C(N[C@@H](CCC(N)=O)C(NC(C)(C(N[C@H](C(N[C@H](C(N[C@](C(N[C@@H](CCC(O)=O)C(N[C@H](C(N[C@@H](CC(C)C)C(N[C@@H](CC(C)C)C(N[C@@H](CCC(O)=O)C(NCC(NCC(N1CCC[C@H]1C(N[C@@H](CO)C(N[C@@H](CCCCN)C(NCC(NCC(N2CCC[C@H]2C(N3CCC[C@H]3C(N4CCC[C@H]4C(N[C@@H](CO)C(O)=O)=O)=O)=O)=O)=O)=O)=O)=O)=O)=O)=O)=O)=O)=O)CC5=CNC6=C5C=CC=C6)=O)=O)([C@@H](C)CC)[H])=O)CC7=CC=CC=C7)=O)C)=O)C)=O)=O)C)=O)=O)C)=O)CC(O)=O)=O)=O)([C@@H](C)CC)[H])=O)([C@@H](C)CC)[H])=O)=O)CC8=CC=C(C=C8)O)=O)CC(O)=O)=O)=O)([C@H](O)C)[H])=O)CC9=CC=CC=C9)=O)([C@H](O)C)[H])=O)=O)=O)C)=O)CC%10=CC=C(O)C=C%10,33,Y--Aib--E--G--T--F--T--S--D--Y--S--I--I--L--D--A--K--A--Q--Aib--A--F--I--E--W--L--L--E--G--G--P--S--K--G--G--P--P--P--S,"['N[C@@H](Cc1ccc(O)cc1)C(=O)O', 'NC(C)(C)C(=O)O', 'N[C@@H](CCC(=O)O)C(=O)O', 'NCC(=O)O', 'N[C@@H]([C@@H](C)O)C(=O)O', 'N[C@@H](Cc1ccccc1)C(=O)O', 'N[C@@H]([C@@H](C)O)C(=O)O', 'N[C@@H](CO)C(=O)O', 'N[C@@H](CC(=O)O)C(=O)O', 'N[C@@H](Cc1ccc(O)cc1)C(=O)O', 'N[C@@H](CO)C(=O)O', 'N[C@@H]([C@H](CC)C)C(=O)O', 'N[C@@H]([C@H](CC)C)C(=O)O', 'N[C@@H](CC(C)C)C(=O)O', 'N[C@@H](CC(=O)O)C(=O)O', 'N[C@@H](C)C(=O)O', 'N[C@@H](CCCCN)C(=O)O', 'N[C@@H](C)C(=O)O', 'N[C@@H](CCC(=O)N)C(=O)O', 'NC(C)(C)C(=O)O', 'N[C@@H](C)C(=O)O', 'N[C@@H](Cc1ccccc1)C(=O)O', 'N[C@@H]([C@H](CC)C)C(=O)O', 'N[C@@H](CCC(=O)O)C(=O)O', 'N[C@@H](Cc1c[nH]c2ccccc12)C(=O)O', 'N[C@@H](CC(C)C)C(=O)O', 'N[C@@H](CC(C)C)C(=O)O', 'N[C@@H](CCC(=O)O)C(=O)O', 'NCC(=O)O', 'NCC(=O)O', 'N1[C@@H](CCC1)C(=O)O', 'N[C@@H](CO)C(=O)O', 'N[C@@H](CCCCN)C(=O)O', 'NCC(=O)O', 'NCC(=O)O', 'N1[C@@H](CCC1)C(=O)O', 'N1[C@@H](CCC1)C(=O)O', 'N1[C@@H](CCC1)C(=O)O', 'N[C@@H](CO)C(=O)O']",39,"['Y', 'Aib', 'E', 'G', 'T', 'F', 'T', 'S', 'D', 'Y', 'S', 'I', 'I', 'L', 'D', 'A', 'K', 'A', 'Q', 'Aib', 'A', 'F', 'I', 'E', 'W', 'L', 'L', 'E', 'G', 'G', 'P', 'S', 'K*', 'G', 'G', 'P', 'P', 'P', 'S']","['N[C@@H](Cc1ccc(O)cc1)C(=O)O', 'NC(C)(C)C(=O)O', 'N[C@@H](CCC(=O)O)C(=O)O', 'NCC(=O)O', 'N[C@@H]([C@@H](C)O)C(=O)O', 'N[C@@H](Cc1ccccc1)C(=O)O', 'N[C@@H]([C@@H](C)O)C(=O)O', 'N[C@@H](CO)C(=O)O', 'N[C@@H](CC(=O)O)C(=O)O', 'N[C@@H](Cc1ccc(O)cc1)C(=O)O', 'N[C@@H](CO)C(=O)O', 'N[C@@H]([C@H](CC)C)C(=O)O', 'N[C@@H]([C@H](CC)C)C(=O)O', 'N[C@@H](CC(C)C)C(=O)O', 'N[C@@H](CC(=O)O)C(=O)O', 'N[C@@H](C)C(=O)O', 'N[C@@H](CCCCN)C(=O)O', 'N[C@@H](C)C(=O)O', 'N[C@@H](CCC(=O)N)C(=O)O', 'NC(C)(C)C(=O)O', 'N[C@@H](C)C(=O)O', 'N[C@@H](Cc1ccccc1)C(=O)O', 'N[C@@H]([C@H](CC)C)C(=O)O', 'N[C@@H](CCC(=O)O)C(=O)O', 'N[C@@H](Cc1c[nH]c2ccccc12)C(=O)O', 'N[C@@H](CC(C)C)C(=O)O', 'N[C@@H](CC(C)C)C(=O)O', 'N[C@@H](CCC(=O)O)C(=O)O', 'NCC(=O)O', 'NCC(=O)O', 'N1[C@@H](CCC1)C(=O)O', 'N[C@@H](CO)C(=O)O', 'N[C@H](C(=O)O)CCCCNC(=O)COCCOCCNC(=O)CC[C@H](NC(=O)CCCCCCCCCCCCCCCCCCC(=O)O)C(=O)O', 'NCC(=O)O', 'NCC(=O)O', 'N1[C@@H](CCC1)C(=O)O', 'N1[C@@H](CCC1)C(=O)O', 'N1[C@@H](CCC1)C(=O)O', 'N[C@@H](CO)C(=O)O']",retatrutide_side,744.968
Bit-01-S,187,[H]N[C@H](C(NC(C)(C(N[C@@H](CCC(O)=O)C(NCC(N[C@](C(N[C@H](C(N[C@](C(N[C@@H](CO)C(N[C@H](C(N[C@H](C(N[C@@H](CO)C(N[C@](C(N[C@](C(N[C@@H](CC(C)C)C(N[C@H](C(N[C@H](C(N[C@@H](CCCCN)C(N[C@H](C(N[C@@H](CCC(N)=O)C(NC(C)(C(N[C@H](C(N[C@H](C(N[C@](C(N[C@@H](CCC(O)=O)C(N[C@H](C(N[C@@H](CC(C)C)C(N[C@@H](CC(C)C)C(N[C@@H](CCC(O)=O)C(NCC(NCC(N1CCC[C@H]1C(N[C@@H](CO)C(N[C@@H](CCCCN)C(NCC(NCC(N2CCC[C@H]2C(N3CCC[C@H]3C(N4CCC[C@H]4C(N[C@@H](CO)C(O)=O)=O)=O)=O)=O)=O)=O)=O)=O)=O)=O)=O)=O)=O)=O)CC5=CNC6=C5C=CC=C6)=O)=O)([C@@H](C)CC)[H])=O)CC7=CC=CC=C7)=O)C)=O)C)=O)=O)C)=O)=O)C)=O)CC(O)=O)=O)=O)([C@@H](C)CC)[H])=O)([C@@H](C)CC)[H])=O)=O)CC8=CC=C(C=C8)O)=O)CC(O)=O)=O)=O)([C@H](O)C)[H])=O)CC9=CC=CC=C9)=O)([C@H](O)C)[H])=O)=O)=O)C)=O)CC%10=CC=C(O)C=C%10,33,Y--Aib--E--G--T--F--T--S--D--Y--S--I--I--L--D--A--K--A--Q--Aib--A--F--I--E--W--L--L--E--G--G--P--S--K--G--G--P--P--P--S,"['N[C@@H](Cc1ccc(O)cc1)C(=O)O', 'NC(C)(C)C(=O)O', 'N[C@@H](CCC(=O)O)C(=O)O', 'NCC(=O)O', 'N[C@@H]([C@@H](C)O)C(=O)O', 'N[C@@H](Cc1ccccc1)C(=O)O', 'N[C@@H]([C@@H](C)O)C(=O)O', 'N[C@@H](CO)C(=O)O', 'N[C@@H](CC(=O)O)C(=O)O', 'N[C@@H](Cc1ccc(O)cc1)C(=O)O', 'N[C@@H](CO)C(=O)O', 'N[C@@H]([C@H](CC)C)C(=O)O', 'N[C@@H]([C@H](CC)C)C(=O)O', 'N[C@@H](CC(C)C)C(=O)O', 'N[C@@H](CC(=O)O)C(=O)O', 'N[C@@H](C)C(=O)O', 'N[C@@H](CCCCN)C(=O)O', 'N[C@@H](C)C(=O)O', 'N[C@@H](CCC(=O)N)C(=O)O', 'NC(C)(C)C(=O)O', 'N[C@@H](C)C(=O)O', 'N[C@@H](Cc1ccccc1)C(=O)O', 'N[C@@H]([C@H](CC)C)C(=O)O', 'N[C@@H](CCC(=O)O)C(=O)O', 'N[C@@H](Cc1c[nH]c2ccccc12)C(=O)O', 'N[C@@H](CC(C)C)C(=O)O', 'N[C@@H](CC(C)C)C(=O)O', 'N[C@@H](CCC(=O)O)C(=O)O', 'NCC(=O)O', 'NCC(=O)O', 'N1[C@@H](CCC1)C(=O)O', 'N[C@@H](CO)C(=O)O', 'N[C@@H](CCCCN)C(=O)O', 'NCC(=O)O', 'NCC(=O)O', 'N1[C@@H](CCC1)C(=O)O', 'N1[C@@H](CCC1)C(=O)O', 'N1[C@@H](CCC1)C(=O)O', 'N[C@@H](CO)C(=O)O']",39,"['Y', 'Aib', 'E', 'G', 'T', 'F', 'T', 'S', 'D', 'Y', 'S', 'I', 'I', 'L', 'D', 'A', 'K', 'A', 'Q', 'Aib', 'A', 'F', 'I', 'E', 'W', 'L', 'L', 'E', 'G', 'G', 'P', 'S', 'K*', 'G', 'G', 'P', 'P', 'P', 'S']","['N[C@@H](Cc1ccc(O)cc1)C(=O)O', 'NC(C)(C)C(=O)O', 'N[C@@H](CCC(=O)O)C(=O)O', 'NCC(=O)O', 'N[C@@H]([C@@H](C)O)C(=O)O', 'N[C@@H](Cc1ccccc1)C(=O)O', 'N[C@@H]([C@@H](C)O)C(=O)O', 'N[C@@H](CO)C(=O)O', 'N[C@@H](CC(=O)O)C(=O)O', 'N[C@@H](Cc1ccc(O)cc1)C(=O)O', 'N[C@@H](CO)C(=O)O', 'N[C@@H]([C@H](CC)C)C(=O)O', 'N[C@@H]([C@H](CC)C)C(=O)O', 'N[C@@H](CC(C)C)C(=O)O', 'N[C@@H](CC(=O)O)C(=O)O', 'N[C@@H](C)C(=O)O', 'N[C@@H](CCCCN)C(=O)O', 'N[C@@H](C)C(=O)O', 'N[C@@H](CCC(=O)N)C(=O)O', 'NC(C)(C)C(=O)O', 'N[C@@H](C)C(=O)O', 'N[C@@H](Cc1ccccc1)C(=O)O', 'N[C@@H]([C@H](CC)C)C(=O)O', 'N[C@@H](CCC(=O)O)C(=O)O', 'N[C@@H](Cc1c[nH]c2ccccc12)C(=O)O', 'N[C@@H](CC(C)C)C(=O)O', 'N[C@@H](CC(C)C)C(=O)O', 'N[C@@H](CCC(=O)O)C(=O)O', 'NCC(=O)O', 'NCC(=O)O', 'N1[C@@H](CCC1)C(=O)O', 'N[C@@H](CO)C(=O)O', 'N[C@H](C(=O)O)CCCCNC(=O)COCCOCCNC(=O)COCCOCCNC(=O)CC[C@@H](NC(=O)CCCCCCCCCCCCCCCCC(=O)O)C(=O)O', 'NCC(=O)O', 'NCC(=O)O', 'N1[C@@H](CCC1)C(=O)O', 'N1[C@@H](CCC1)C(=O)O', 'N1[C@@H](CCC1)C(=O)O', 'N[C@@H](CO)C(=O)O']",semaglutide_side,862.0141
Bit-01-T,187,[H]N[C@H](C(NC(C)(C(N[C@@H](CCC(O)=O)C(NCC(N[C@](C(N[C@H](C(N[C@](C(N[C@@H](CO)C(N[C@H](C(N[C@H](C(N[C@@H](CO)C(N[C@](C(N[C@](C(N[C@@H](CC(C)C)C(N[C@H](C(N[C@H](C(N[C@@H](CCCCN)C(N[C@H](C(N[C@@H](CCC(N)=O)C(NC(C)(C(N[C@H](C(N[C@H](C(N[C@](C(N[C@@H](CCC(O)=O)C(N[C@H](C(N[C@@H](CC(C)C)C(N[C@@H](CC(C)C)C(N[C@@H](CCC(O)=O)C(NCC(NCC(N1CCC[C@H]1C(N[C@@H](CO)C(N[C@@H](CCCCN)C(NCC(NCC(N2CCC[C@H]2C(N3CCC[C@H]3C(N4CCC[C@H]4C(N[C@@H](CO)C(O)=O)=O)=O)=O)=O)=O)=O)=O)=O)=O)=O)=O)=O)=O)=O)CC5=CNC6=C5C=CC=C6)=O)=O)([C@@H](C)CC)[H])=O)CC7=CC=CC=C7)=O)C)=O)C)=O)=O)C)=O)=O)C)=O)CC(O)=O)=O)=O)([C@@H](C)CC)[H])=O)([C@@H](C)CC)[H])=O)=O)CC8=CC=C(C=C8)O)=O)CC(O)=O)=O)=O)([C@H](O)C)[H])=O)CC9=CC=CC=C9)=O)([C@H](O)C)[H])=O)=O)=O)C)=O)CC%10=CC=C(O)C=C%10,33,Y--Aib--E--G--T--F--T--S--D--Y--S--I--I--L--D--A--K--A--Q--Aib--A--F--I--E--W--L--L--E--G--G--P--S--K--G--G--P--P--P--S,"['N[C@@H](Cc1ccc(O)cc1)C(=O)O', 'NC(C)(C)C(=O)O', 'N[C@@H](CCC(=O)O)C(=O)O', 'NCC(=O)O', 'N[C@@H]([C@@H](C)O)C(=O)O', 'N[C@@H](Cc1ccccc1)C(=O)O', 'N[C@@H]([C@@H](C)O)C(=O)O', 'N[C@@H](CO)C(=O)O', 'N[C@@H](CC(=O)O)C(=O)O', 'N[C@@H](Cc1ccc(O)cc1)C(=O)O', 'N[C@@H](CO)C(=O)O', 'N[C@@H]([C@H](CC)C)C(=O)O', 'N[C@@H]([C@H](CC)C)C(=O)O', 'N[C@@H](CC(C)C)C(=O)O', 'N[C@@H](CC(=O)O)C(=O)O', 'N[C@@H](C)C(=O)O', 'N[C@@H](CCCCN)C(=O)O', 'N[C@@H](C)C(=O)O', 'N[C@@H](CCC(=O)N)C(=O)O', 'NC(C)(C)C(=O)O', 'N[C@@H](C)C(=O)O', 'N[C@@H](Cc1ccccc1)C(=O)O', 'N[C@@H]([C@H](CC)C)C(=O)O', 'N[C@@H](CCC(=O)O)C(=O)O', 'N[C@@H](Cc1c[nH]c2ccccc12)C(=O)O', 'N[C@@H](CC(C)C)C(=O)O', 'N[C@@H](CC(C)C)C(=O)O', 'N[C@@H](CCC(=O)O)C(=O)O', 'NCC(=O)O', 'NCC(=O)O', 'N1[C@@H](CCC1)C(=O)O', 'N[C@@H](CO)C(=O)O', 'N[C@@H](CCCCN)C(=O)O', 'NCC(=O)O', 'NCC(=O)O', 'N1[C@@H](CCC1)C(=O)O', 'N1[C@@H](CCC1)C(=O)O', 'N1[C@@H](CCC1)C(=O)O', 'N[C@@H](CO)C(=O)O']",39,"['Y', 'Aib', 'E', 'G', 'T', 'F', 'T', 'S', 'D', 'Y', 'S', 'I', 'I', 'L', 'D', 'A', 'K', 'A', 'Q', 'Aib', 'A', 'F', 'I', 'E', 'W', 'L', 'L', 'E', 'G', 'G', 'P', 'S', 'K*', 'G', 'G', 'P', 'P', 'P', 'S']","['N[C@@H](Cc1ccc(O)cc1)C(=O)O', 'NC(C)(C)C(=O)O', 'N[C@@H](CCC(=O)O)C(=O)O', 'NCC(=O)O', 'N[C@@H]([C@@H](C)O)C(=O)O', 'N[C@@H](Cc1ccccc1)C(=O)O', 'N[C@@H]([C@@H](C)O)C(=O)O', 'N[C@@H](CO)C(=O)O', 'N[C@@H](CC(=O)O)C(=O)O', 'N[C@@H](Cc1ccc(O)cc1)C(=O)O', 'N[C@@H](CO)C(=O)O', 'N[C@@H]([C@H](CC)C)C(=O)O', 'N[C@@H]([C@H](CC)C)C(=O)O', 'N[C@@H](CC(C)C)C(=O)O', 'N[C@@H](CC(=O)O)C(=O)O', 'N[C@@H](C)C(=O)O', 'N[C@@H](CCCCN)C(=O)O', 'N[C@@H](C)C(=O)O', 'N[C@@H](CCC(=O)N)C(=O)O', 'NC(C)(C)C(=O)O', 'N[C@@H](C)C(=O)O', 'N[C@@H](Cc1ccccc1)C(=O)O', 'N[C@@H]([C@H](CC)C)C(=O)O', 'N[C@@H](CCC(=O)O)C(=O)O', 'N[C@@H](Cc1c[nH]c2ccccc12)C(=O)O', 'N[C@@H](CC(C)C)C(=O)O', 'N[C@@H](CC(C)C)C(=O)O', 'N[C@@H](CCC(=O)O)C(=O)O', 'NCC(=O)O', 'NCC(=O)O', 'N1[C@@H](CCC1)C(=O)O', 'N[C@@H](CO)C(=O)O', 'N[C@H](C(=O)O)CCCCNC(=O)COCCOCCNC(=O)COCCOCCNC(=O)CC[C@H](NC(=O)CCCCCCCCCCCCCCCCCCC(=O)O)C(=O)O', 'NCC(=O)O', 'NCC(=O)O', 'N1[C@@H](CCC1)C(=O)O', 'N1[C@@H](CCC1)C(=O)O', 'N1[C@@H](CCC1)C(=O)O', 'N[C@@H](CO)C(=O)O']",tirzepatide_side,890.126
Bit-05-R,49,[H]N[C@H](C(NC(C)(C(N[C@@H](CCC(N)=O)C(NCC(N[C@](C(N[C@H](C(N[C@](C(N[C@@H](CO)C(N[C@H](C(N[C@H](C(N[C@@H](CO)C(N[C@](C(N[C@@H](CC(C)C)C(N[C@@H](CC(C)C)C(N[C@H](C(N[C@@H](CCCCN)C(N[C@@H](CCC(N)=O)C(N[C@H](C(N[C@H](C(NC(C)(C(N[C@@H](CCCNC(N)=N)C(N[C@H](C(N[C@](C(N[C@@H](CCC(O)=O)C(N[C@H](C(N[C@@H](CC(C)C)C(N[C@@H](CC(C)C)C(N[C@@H](CCC(O)=O)C(NCC(NCC(N1CCC[C@H]1C(N[C@@H](CO)C(N[C@@H](CCCCN)C(NCC(NCC(N2CCC[C@H]2C(N3CCC[C@H]3C(N4CCC[C@H]4C(N[C@@H](CO)C(O)=O)=O)=O)=O)=O)=O)=O)=O)=O)=O)=O)=O)=O)=O)=O)CC5=CNC6=C5C=CC=C6)=O)=O)([C@@H](C)CC)[H])=O)CC7=CC=CC=C7)=O)=O)C)=O)C)=O)C)=O)=O)=O)CC(O)=O)=O)=O)=O)([C@@H](C)CC)[H])=O)=O)CC8=CC=C(C=C8)O)=O)CC(O)=O)=O)=O)([C@H](O)C)[H])=O)CC9=CC=C(C=C9)O)=O)([C@H](O)C)[H])=O)=O)=O)C)=O)CC%10=CC=C(O)C=C%10,33,Y--Aib--Q--G--T--Y--T--S--D--Y--S--I--L--L--D--K--Q--A--A--Aib--R--F--I--E--W--L--L--E--G--G--P--S--K--G--G--P--P--P--S,"['N[C@@H](Cc1ccc(O)cc1)C(=O)O', 'NC(C)(C)C(=O)O', 'N[C@@H](CCC(=O)N)C(=O)O', 'NCC(=O)O', 'N[C@@H]([C@@H](C)O)C(=O)O', 'N[C@@H](Cc1ccc(O)cc1)C(=O)O', 'N[C@@H]([C@@H](C)O)C(=O)O', 'N[C@@H](CO)C(=O)O', 'N[C@@H](CC(=O)O)C(=O)O', 'N[C@@H](Cc1ccc(O)cc1)C(=O)O', 'N[C@@H](CO)C(=O)O', 'N[C@@H]([C@H](CC)C)C(=O)O', 'N[C@@H](CC(C)C)C(=O)O', 'N[C@@H](CC(C)C)C(=O)O', 'N[C@@H](CC(=O)O)C(=O)O', 'N[C@@H](CCCCN)C(=O)O', 'N[C@@H](CCC(=O)N)C(=O)O', 'N[C@@H](C)C(=O)O', 'N[C@@H](C)C(=O)O', 'NC(C)(C)C(=O)O', 'N[C@@H](CCCNC(=N)N)C(=O)O', 'N[C@@H](Cc1ccccc1)C(=O)O', 'N[C@@H]([C@H](CC)C)C(=O)O', 'N[C@@H](CCC(=O)O)C(=O)O', 'N[C@@H](Cc1c[nH]c2ccccc12)C(=O)O', 'N[C@@H](CC(C)C)C(=O)O', 'N[C@@H](CC(C)C)C(=O)O', 'N[C@@H](CCC(=O)O)C(=O)O', 'NCC(=O)O', 'NCC(=O)O', 'N1[C@@H](CCC1)C(=O)O', 'N[C@@H](CO)C(=O)O', 'N[C@@H](CCCCN)C(=O)O', 'NCC(=O)O', 'NCC(=O)O', 'N1[C@@H](CCC1)C(=O)O', 'N1[C@@H](CCC1)C(=O)O', 'N1[C@@H](CCC1)C(=O)O', 'N[C@@H](CO)C(=O)O']",39,"['Y', 'Aib', 'Q', 'G', 'T', 'Y', 'T', 'S', 'D', 'Y', 'S', 'I', 'L', 'L', 'D', 'K', 'Q', 'A', 'A', 'Aib', 'R', 'F', 'I', 'E', 'W', 'L', 'L', 'E', 'G', 'G', 'P', 'S', 'K*', 'G', 'G', 'P', 'P', 'P', 'S']","['N[C@@H](Cc1ccc(O)cc1)C(=O)O', 'NC(C)(C)C(=O)O', 'N[C@@H](CCC(=O)N)C(=O)O', 'NCC(=O)O', 'N[C@@H]([C@@H](C)O)C(=O)O', 'N[C@@H](Cc1ccc(O)cc1)C(=O)O', 'N[C@@H]([C@@H](C)O)C(=O)O', 'N[C@@H](CO)C(=O)O', 'N[C@@H](CC(=O)O)C(=O)O', 'N[C@@H](Cc1ccc(O)cc1)C(=O)O', 'N[C@@H](CO)C(=O)O', 'N[C@@H]([C@H](CC)C)C(=O)O', 'N[C@@H](CC(C)C)C(=O)O', 'N[C@@H](CC(C)C)C(=O)O', 'N[C@@H](CC(=O)O)C(=O)O', 'N[C@@H](CCCCN)C(=O)O', 'N[C@@H](CCC(=O)N)C(=O)O', 'N[C@@H](C)C(=O)O', 'N[C@@H](C)C(=O)O', 'NC(C)(C)C(=O)O', 'N[C@@H](CCCNC(=N)N)C(=O)O', 'N[C@@H](Cc1ccccc1)C(=O)O', 'N[C@@H]([C@H](CC)C)C(=O)O', 'N[C@@H](CCC(=O)O)C(=O)O', 'N[C@@H](Cc1c[nH]c2ccccc12)C(=O)O', 'N[C@@H](CC(C)C)C(=O)O', 'N[C@@H](CC(C)C)C(=O)O', 'N[C@@H](CCC(=O)O)C(=O)O', 'NCC(=O)O', 'NCC(=O)O', 'N1[C@@H](CCC1)C(=O)O', 'N[C@@H](CO)C(=O)O', 'N[C@H](C(=O)O)CCCCNC(=O)COCCOCCNC(=O)CC[C@H](NC(=O)CCCCCCCCCCCCCCCCCCC(=O)O)C(=O)O', 'NCC(=O)O', 'NCC(=O)O', 'N1[C@@H](CCC1)C(=O)O', 'N1[C@@H](CCC1)C(=O)O', 'N1[C@@H](CCC1)C(=O)O', 'N[C@@H](CO)C(=O)O']",retatrutide_side,744.968
Bit-05-S,49,[H]N[C@H](C(NC(C)(C(N[C@@H](CCC(N)=O)C(NCC(N[C@](C(N[C@H](C(N[C@](C(N[C@@H](CO)C(N[C@H](C(N[C@H](C(N[C@@H](CO)C(N[C@](C(N[C@@H](CC(C)C)C(N[C@@H](CC(C)C)C(N[C@H](C(N[C@@H](CCCCN)C(N[C@@H](CCC(N)=O)C(N[C@H](C(N[C@H](C(NC(C)(C(N[C@@H](CCCNC(N)=N)C(N[C@H](C(N[C@](C(N[C@@H](CCC(O)=O)C(N[C@H](C(N[C@@H](CC(C)C)C(N[C@@H](CC(C)C)C(N[C@@H](CCC(O)=O)C(NCC(NCC(N1CCC[C@H]1C(N[C@@H](CO)C(N[C@@H](CCCCN)C(NCC(NCC(N2CCC[C@H]2C(N3CCC[C@H]3C(N4CCC[C@H]4C(N[C@@H](CO)C(O)=O)=O)=O)=O)=O)=O)=O)=O)=O)=O)=O)=O)=O)=O)=O)CC5=CNC6=C5C=CC=C6)=O)=O)([C@@H](C)CC)[H])=O)CC7=CC=CC=C7)=O)=O)C)=O)C)=O)C)=O)=O)=O)CC(O)=O)=O)=O)=O)([C@@H](C)CC)[H])=O)=O)CC8=CC=C(C=C8)O)=O)CC(O)=O)=O)=O)([C@H](O)C)[H])=O)CC9=CC=C(C=C9)O)=O)([C@H](O)C)[H])=O)=O)=O)C)=O)CC%10=CC=C(O)C=C%10,33,Y--Aib--Q--G--T--Y--T--S--D--Y--S--I--L--L--D--K--Q--A--A--Aib--R--F--I--E--W--L--L--E--G--G--P--S--K--G--G--P--P--P--S,"['N[C@@H](Cc1ccc(O)cc1)C(=O)O', 'NC(C)(C)C(=O)O', 'N[C@@H](CCC(=O)N)C(=O)O', 'NCC(=O)O', 'N[C@@H]([C@@H](C)O)C(=O)O', 'N[C@@H](Cc1ccc(O)cc1)C(=O)O', 'N[C@@H]([C@@H](C)O)C(=O)O', 'N[C@@H](CO)C(=O)O', 'N[C@@H](CC(=O)O)C(=O)O', 'N[C@@H](Cc1ccc(O)cc1)C(=O)O', 'N[C@@H](CO)C(=O)O', 'N[C@@H]([C@H](CC)C)C(=O)O', 'N[C@@H](CC(C)C)C(=O)O', 'N[C@@H](CC(C)C)C(=O)O', 'N[C@@H](CC(=O)O)C(=O)O', 'N[C@@H](CCCCN)C(=O)O', 'N[C@@H](CCC(=O)N)C(=O)O', 'N[C@@H](C)C(=O)O', 'N[C@@H](C)C(=O)O', 'NC(C)(C)C(=O)O', 'N[C@@H](CCCNC(=N)N)C(=O)O', 'N[C@@H](Cc1ccccc1)C(=O)O', 'N[C@@H]([C@H](CC)C)C(=O)O', 'N[C@@H](CCC(=O)O)C(=O)O', 'N[C@@H](Cc1c[nH]c2ccccc12)C(=O)O', 'N[C@@H](CC(C)C)C(=O)O', 'N[C@@H](CC(C)C)C(=O)O', 'N[C@@H](CCC(=O)O)C(=O)O', 'NCC(=O)O', 'NCC(=O)O', 'N1[C@@H](CCC1)C(=O)O', 'N[C@@H](CO)C(=O)O', 'N[C@@H](CCCCN)C(=O)O', 'NCC(=O)O', 'NCC(=O)O', 'N1[C@@H](CCC1)C(=O)O', 'N1[C@@H](CCC1)C(=O)O', 'N1[C@@H](CCC1)C(=O)O', 'N[C@@H](CO)C(=O)O']",39,"['Y', 'Aib', 'Q', 'G', 'T', 'Y', 'T', 'S', 'D', 'Y', 'S', 'I', 'L', 'L', 'D', 'K', 'Q', 'A', 'A', 'Aib', 'R', 'F', 'I', 'E', 'W', 'L', 'L', 'E', 'G', 'G', 'P', 'S', 'K*', 'G', 'G', 'P', 'P', 'P', 'S']","['N[C@@H](Cc1ccc(O)cc1)C(=O)O', 'NC(C)(C)C(=O)O', 'N[C@@H](CCC(=O)N)C(=O)O', 'NCC(=O)O', 'N[C@@H]([C@@H](C)O)C(=O)O', 'N[C@@H](Cc1ccc(O)cc1)C(=O)O', 'N[C@@H]([C@@H](C)O)C(=O)O', 'N[C@@H](CO)C(=O)O', 'N[C@@H](CC(=O)O)C(=O)O', 'N[C@@H](Cc1ccc(O)cc1)C(=O)O', 'N[C@@H](CO)C(=O)O', 'N[C@@H]([C@H](CC)C)C(=O)O', 'N[C@@H](CC(C)C)C(=O)O', 'N[C@@H](CC(C)C)C(=O)O', 'N[C@@H](CC(=O)O)C(=O)O', 'N[C@@H](CCCCN)C(=O)O', 'N[C@@H](CCC(=O)N)C(=O)O', 'N[C@@H](C)C(=O)O', 'N[C@@H](C)C(=O)O', 'NC(C)(C)C(=O)O', 'N[C@@H](CCCNC(=N)N)C(=O)O', 'N[C@@H](Cc1ccccc1)C(=O)O', 'N[C@@H]([C@H](CC)C)C(=O)O', 'N[C@@H](CCC(=O)O)C(=O)O', 'N[C@@H](Cc1c[nH]c2ccccc12)C(=O)O', 'N[C@@H](CC(C)C)C(=O)O', 'N[C@@H](CC(C)C)C(=O)O', 'N[C@@H](CCC(=O)O)C(=O)O', 'NCC(=O)O', 'NCC(=O)O', 'N1[C@@H](CCC1)C(=O)O', 'N[C@@H](CO)C(=O)O', 'N[C@H](C(=O)O)CCCCNC(=O)COCCOCCNC(=O)COCCOCCNC(=O)CC[C@@H](NC(=O)CCCCCCCCCCCCCCCCC(=O)O)C(=O)O', 'NCC(=O)O', 'NCC(=O)O', 'N1[C@@H](CCC1)C(=O)O', 'N1[C@@H](CCC1)C(=O)O', 'N1[C@@H](CCC1)C(=O)O', 'N[C@@H](CO)C(=O)O']",semaglutide_side,862.0141
Bit-05-T,49,[H]N[C@H](C(NC(C)(C(N[C@@H](CCC(N)=O)C(NCC(N[C@](C(N[C@H](C(N[C@](C(N[C@@H](CO)C(N[C@H](C(N[C@H](C(N[C@@H](CO)C(N[C@](C(N[C@@H](CC(C)C)C(N[C@@H](CC(C)C)C(N[C@H](C(N[C@@H](CCCCN)C(N[C@@H](CCC(N)=O)C(N[C@H](C(N[C@H](C(NC(C)(C(N[C@@H](CCCNC(N)=N)C(N[C@H](C(N[C@](C(N[C@@H](CCC(O)=O)C(N[C@H](C(N[C@@H](CC(C)C)C(N[C@@H](CC(C)C)C(N[C@@H](CCC(O)=O)C(NCC(NCC(N1CCC[C@H]1C(N[C@@H](CO)C(N[C@@H](CCCCN)C(NCC(NCC(N2CCC[C@H]2C(N3CCC[C@H]3C(N4CCC[C@H]4C(N[C@@H](CO)C(O)=O)=O)=O)=O)=O)=O)=O)=O)=O)=O)=O)=O)=O)=O)=O)CC5=CNC6=C5C=CC=C6)=O)=O)([C@@H](C)CC)[H])=O)CC7=CC=CC=C7)=O)=O)C)=O)C)=O)C)=O)=O)=O)CC(O)=O)=O)=O)=O)([C@@H](C)CC)[H])=O)=O)CC8=CC=C(C=C8)O)=O)CC(O)=O)=O)=O)([C@H](O)C)[H])=O)CC9=CC=C(C=C9)O)=O)([C@H](O)C)[H])=O)=O)=O)C)=O)CC%10=CC=C(O)C=C%10,33,Y--Aib--Q--G--T--Y--T--S--D--Y--S--I--L--L--D--K--Q--A--A--Aib--R--F--I--E--W--L--L--E--G--G--P--S--K--G--G--P--P--P--S,"['N[C@@H](Cc1ccc(O)cc1)C(=O)O', 'NC(C)(C)C(=O)O', 'N[C@@H](CCC(=O)N)C(=O)O', 'NCC(=O)O', 'N[C@@H]([C@@H](C)O)C(=O)O', 'N[C@@H](Cc1ccc(O)cc1)C(=O)O', 'N[C@@H]([C@@H](C)O)C(=O)O', 'N[C@@H](CO)C(=O)O', 'N[C@@H](CC(=O)O)C(=O)O', 'N[C@@H](Cc1ccc(O)cc1)C(=O)O', 'N[C@@H](CO)C(=O)O', 'N[C@@H]([C@H](CC)C)C(=O)O', 'N[C@@H](CC(C)C)C(=O)O', 'N[C@@H](CC(C)C)C(=O)O', 'N[C@@H](CC(=O)O)C(=O)O', 'N[C@@H](CCCCN)C(=O)O', 'N[C@@H](CCC(=O)N)C(=O)O', 'N[C@@H](C)C(=O)O', 'N[C@@H](C)C(=O)O', 'NC(C)(C)C(=O)O', 'N[C@@H](CCCNC(=N)N)C(=O)O', 'N[C@@H](Cc1ccccc1)C(=O)O', 'N[C@@H]([C@H](CC)C)C(=O)O', 'N[C@@H](CCC(=O)O)C(=O)O', 'N[C@@H](Cc1c[nH]c2ccccc12)C(=O)O', 'N[C@@H](CC(C)C)C(=O)O', 'N[C@@H](CC(C)C)C(=O)O', 'N[C@@H](CCC(=O)O)C(=O)O', 'NCC(=O)O', 'NCC(=O)O', 'N1[C@@H](CCC1)C(=O)O', 'N[C@@H](CO)C(=O)O', 'N[C@@H](CCCCN)C(=O)O', 'NCC(=O)O', 'NCC(=O)O', 'N1[C@@H](CCC1)C(=O)O', 'N1[C@@H](CCC1)C(=O)O', 'N1[C@@H](CCC1)C(=O)O', 'N[C@@H](CO)C(=O)O']",39,"['Y', 'Aib', 'Q', 'G', 'T', 'Y', 'T', 'S', 'D', 'Y', 'S', 'I', 'L', 'L', 'D', 'K', 'Q', 'A', 'A', 'Aib', 'R', 'F', 'I', 'E', 'W', 'L', 'L', 'E', 'G', 'G', 'P', 'S', 'K*', 'G', 'G', 'P', 'P', 'P', 'S']","['N[C@@H](Cc1ccc(O)cc1)C(=O)O', 'NC(C)(C)C(=O)O', 'N[C@@H](CCC(=O)N)C(=O)O', 'NCC(=O)O', 'N[C@@H]([C@@H](C)O)C(=O)O', 'N[C@@H](Cc1ccc(O)cc1)C(=O)O', 'N[C@@H]([C@@H](C)O)C(=O)O', 'N[C@@H](CO)C(=O)O', 'N[C@@H](CC(=O)O)C(=O)O', 'N[C@@H](Cc1ccc(O)cc1)C(=O)O', 'N[C@@H](CO)C(=O)O', 'N[C@@H]([C@H](CC)C)C(=O)O', 'N[C@@H](CC(C)C)C(=O)O', 'N[C@@H](CC(C)C)C(=O)O', 'N[C@@H](CC(=O)O)C(=O)O', 'N[C@@H](CCCCN)C(=O)O', 'N[C@@H](CCC(=O)N)C(=O)O', 'N[C@@H](C)C(=O)O', 'N[C@@H](C)C(=O)O', 'NC(C)(C)C(=O)O', 'N[C@@H](CCCNC(=N)N)C(=O)O', 'N[C@@H](Cc1ccccc1)C(=O)O', 'N[C@@H]([C@H](CC)C)C(=O)O', 'N[C@@H](CCC(=O)O)C(=O)O', 'N[C@@H](Cc1c[nH]c2ccccc12)C(=O)O', 'N[C@@H](CC(C)C)C(=O)O', 'N[C@@H](CC(C)C)C(=O)O', 'N[C@@H](CCC(=O)O)C(=O)O', 'NCC(=O)O', 'NCC(=O)O', 'N1[C@@H](CCC1)C(=O)O', 'N[C@@H](CO)C(=O)O', 'N[C@H](C(=O)O)CCCCNC(=O)COCCOCCNC(=O)COCCOCCNC(=O)CC[C@H](NC(=O)CCCCCCCCCCCCCCCCCCC(=O)O)C(=O)O', 'NCC(=O)O', 'NCC(=O)O', 'N1[C@@H](CCC1)C(=O)O', 'N1[C@@H](CCC1)C(=O)O', 'N1[C@@H](CCC1)C(=O)O', 'N[C@@H](CO)C(=O)O']",tirzepatide_side,890.126
Bit-08-R,128,N[C@@H](Cc1ccc(O)cc1)C(=O)NC(C)(C)C(=O)N[C@@H](CCC(=O)O)C(=O)NCC(=O)N[C@@H]([C@@H](C)O)C(=O)N[C@@H](Cc1ccccc1)C(=O)N[C@@H]([C@@H](C)O)C(=O)N[C@@H](CO)C(=O)N[C@@H](CC(=O)O)C(=O)N[C@@H](Cc1ccc(O)cc1)C(=O)N[C@@H](CO)C(=O)N[C@@H]([C@H](CC)C)C(=O)N[C@@H](CC(C)C)C(=O)N[C@@H](CC(C)C)C(=O)N[C@@H](CC(=O)O)C(=O)N[C@@H](CCC(=O)O)C(=O)N[C@@H](CCC(=O)N)C(=O)N[C@@H](C)C(=O)N[C@@H](C)C(=O)N[C@@H](C)C(=O)N[C@@H](CCCCN)C(=O)N[C@@H](Cc1ccccc1)C(=O)N[C@@H]([C@H](CC)C)C(=O)N[C@@H](CCC(=O)O)C(=O)N[C@@H](Cc1c[nH]c2ccccc12)C(=O)N[C@@H](CC(C)C)C(=O)N[C@@H](CC(C)C)C(=O)N[C@@H](CCC(=O)O)C(=O)N[C@@H](C)C(=O)NCC(=O)N1[C@@H](CCC1)C(=O)N[C@@H](CO)C(=O)N[C@@H](CO)C(=O)NCC(=O)NCC(=O)N1[C@@H](CCC1)C(=O)N1[C@@H](CCC1)C(=O)N1[C@@H](CCC1)C(=O)N[C@@H](CO)C(=O)O,21,Y--Aib--E--G--T--F--T--S--D--Y--S--I--L--L--D--E--Q--A--A--A--K--F--I--E--W--L--L--E--A--G--P--S--S--G--G--P--P--P--S,"['N[C@@H](Cc1ccc(O)cc1)C(=O)O', 'NC(C)(C)C(=O)O', 'N[C@@H](CCC(=O)O)C(=O)O', 'NCC(=O)O', 'N[C@@H]([C@@H](C)O)C(=O)O', 'N[C@@H](Cc1ccccc1)C(=O)O', 'N[C@@H]([C@@H](C)O)C(=O)O', 'N[C@@H](CO)C(=O)O', 'N[C@@H](CC(=O)O)C(=O)O', 'N[C@@H](Cc1ccc(O)cc1)C(=O)O', 'N[C@@H](CO)C(=O)O', 'N[C@@H]([C@H](CC)C)C(=O)O', 'N[C@@H](CC(C)C)C(=O)O', 'N[C@@H](CC(C)C)C(=O)O', 'N[C@@H](CC(=O)O)C(=O)O', 'N[C@@H](CCC(=O)O)C(=O)O', 'N[C@@H](CCC(=O)N)C(=O)O', 'N[C@@H](C)C(=O)O', 'N[C@@H](C)C(=O)O', 'N[C@@H](C)C(=O)O', 'N[C@@H](CCCCN)C(=O)O', 'N[C@@H](Cc1ccccc1)C(=O)O', 'N[C@@H]([C@H](CC)C)C(=O)O', 'N[C@@H](CCC(=O)O)C(=O)O', 'N[C@@H](Cc1c[nH]c2ccccc12)C(=O)O', 'N[C@@H](CC(C)C)C(=O)O', 'N[C@@H](CC(C)C)C(=O)O', 'N[C@@H](CCC(=O)O)C(=O)O', 'N[C@@H](C)C(=O)O', 'NCC(=O)O', 'N1[C@@H](CCC1)C(=O)O', 'N[C@@H](CO)C(=O)O', 'N[C@@H](CO)C(=O)O', 'NCC(=O)O', 'NCC(=O)O', 'N1[C@@H](CCC1)C(=O)O', 'N1[C@@H](CCC1)C(=O)O', 'N1[C@@H](CCC1)C(=O)O', 'N[C@@H](CO)C(=O)O']",39,"['Y', 'Aib', 'E', 'G', 'T', 'F', 'T', 'S', 'D', 'Y', 'S', 'I', 'L', 'L', 'D', 'E', 'Q', 'A', 'A', 'A', 'K*', 'F', 'I', 'E', 'W', 'L', 'L', 'E', 'A', 'G', 'P', 'S', 'S', 'G', 'G', 'P', 'P', 'P', 'S']","['N[C@@H](Cc1ccc(O)cc1)C(=O)O', 'NC(C)(C)C(=O)O', 'N[C@@H](CCC(=O)O)C(=O)O', 'NCC(=O)O', 'N[C@@H]([C@@H](C)O)C(=O)O', 'N[C@@H](Cc1ccccc1)C(=O)O', 'N[C@@H]([C@@H](C)O)C(=O)O', 'N[C@@H](CO)C(=O)O', 'N[C@@H](CC(=O)O)C(=O)O', 'N[C@@H](Cc1ccc(O)cc1)C(=O)O', 'N[C@@H](CO)C(=O)O', 'N[C@@H]([C@H](CC)C)C(=O)O', 'N[C@@H](CC(C)C)C(=O)O', 'N[C@@H](CC(C)C)C(=O)O', 'N[C@@H](CC(=O)O)C(=O)O', 'N[C@@H](CCC(=O)O)C(=O)O', 'N[C@@H](CCC(=O)N)C(=O)O', 'N[C@@H](C)C(=O)O', 'N[C@@H](C)C(=O)O', 'N[C@@H](C)C(=O)O', 'N[C@H](C(=O)O)CCCCNC(=O)COCCOCCNC(=O)CC[C@H](NC(=O)CCCCCCCCCCCCCCCCCCC(=O)O)C(=O)O', 'N[C@@H](Cc1ccccc1)C(=O)O', 'N[C@@H]([C@H](CC)C)C(=O)O', 'N[C@@H](CCC(=O)O)C(=O)O', 'N[C@@H](Cc1c[nH]c2ccccc12)C(=O)O', 'N[C@@H](CC(C)C)C(=O)O', 'N[C@@H](CC(C)C)C(=O)O', 'N[C@@H](CCC(=O)O)C(=O)O', 'N[C@@H](C)C(=O)O', 'NCC(=O)O', 'N1[C@@H](CCC1)C(=O)O', 'N[C@@H](CO)C(=O)O', 'N[C@@H](CO)C(=O)O', 'NCC(=O)O', 'NCC(=O)O', 'N1[C@@H](CCC1)C(=O)O', 'N1[C@@H](CCC1)C(=O)O', 'N1[C@@H](CCC1)C(=O)O', 'N[C@@H](CO)C(=O)O']",retatrutide_side,744.968
Bit-08-S,128,N[C@@H](Cc1ccc(O)cc1)C(=O)NC(C)(C)C(=O)N[C@@H](CCC(=O)O)C(=O)NCC(=O)N[C@@H]([C@@H](C)O)C(=O)N[C@@H](Cc1ccccc1)C(=O)N[C@@H]([C@@H](C)O)C(=O)N[C@@H](CO)C(=O)N[C@@H](CC(=O)O)C(=O)N[C@@H](Cc1ccc(O)cc1)C(=O)N[C@@H](CO)C(=O)N[C@@H]([C@H](CC)C)C(=O)N[C@@H](CC(C)C)C(=O)N[C@@H](CC(C)C)C(=O)N[C@@H](CC(=O)O)C(=O)N[C@@H](CCC(=O)O)C(=O)N[C@@H](CCC(=O)N)C(=O)N[C@@H](C)C(=O)N[C@@H](C)C(=O)N[C@@H](C)C(=O)N[C@@H](CCCCN)C(=O)N[C@@H](Cc1ccccc1)C(=O)N[C@@H]([C@H](CC)C)C(=O)N[C@@H](CCC(=O)O)C(=O)N[C@@H](Cc1c[nH]c2ccccc12)C(=O)N[C@@H](CC(C)C)C(=O)N[C@@H](CC(C)C)C(=O)N[C@@H](CCC(=O)O)C(=O)N[C@@H](C)C(=O)NCC(=O)N1[C@@H](CCC1)C(=O)N[C@@H](CO)C(=O)N[C@@H](CO)C(=O)NCC(=O)NCC(=O)N1[C@@H](CCC1)C(=O)N1[C@@H](CCC1)C(=O)N1[C@@H](CCC1)C(=O)N[C@@H](CO)C(=O)O,21,Y--Aib--E--G--T--F--T--S--D--Y--S--I--L--L--D--E--Q--A--A--A--K--F--I--E--W--L--L--E--A--G--P--S--S--G--G--P--P--P--S,"['N[C@@H](Cc1ccc(O)cc1)C(=O)O', 'NC(C)(C)C(=O)O', 'N[C@@H](CCC(=O)O)C(=O)O', 'NCC(=O)O', 'N[C@@H]([C@@H](C)O)C(=O)O', 'N[C@@H](Cc1ccccc1)C(=O)O', 'N[C@@H]([C@@H](C)O)C(=O)O', 'N[C@@H](CO)C(=O)O', 'N[C@@H](CC(=O)O)C(=O)O', 'N[C@@H](Cc1ccc(O)cc1)C(=O)O', 'N[C@@H](CO)C(=O)O', 'N[C@@H]([C@H](CC)C)C(=O)O', 'N[C@@H](CC(C)C)C(=O)O', 'N[C@@H](CC(C)C)C(=O)O', 'N[C@@H](CC(=O)O)C(=O)O', 'N[C@@H](CCC(=O)O)C(=O)O', 'N[C@@H](CCC(=O)N)C(=O)O', 'N[C@@H](C)C(=O)O', 'N[C@@H](C)C(=O)O', 'N[C@@H](C)C(=O)O', 'N[C@@H](CCCCN)C(=O)O', 'N[C@@H](Cc1ccccc1)C(=O)O', 'N[C@@H]([C@H](CC)C)C(=O)O', 'N[C@@H](CCC(=O)O)C(=O)O', 'N[C@@H](Cc1c[nH]c2ccccc12)C(=O)O', 'N[C@@H](CC(C)C)C(=O)O', 'N[C@@H](CC(C)C)C(=O)O', 'N[C@@H](CCC(=O)O)C(=O)O', 'N[C@@H](C)C(=O)O', 'NCC(=O)O', 'N1[C@@H](CCC1)C(=O)O', 'N[C@@H](CO)C(=O)O', 'N[C@@H](CO)C(=O)O', 'NCC(=O)O', 'NCC(=O)O', 'N1[C@@H](CCC1)C(=O)O', 'N1[C@@H](CCC1)C(=O)O', 'N1[C@@H](CCC1)C(=O)O', 'N[C@@H](CO)C(=O)O']",39,"['Y', 'Aib', 'E', 'G', 'T', 'F', 'T', 'S', 'D', 'Y', 'S', 'I', 'L', 'L', 'D', 'E', 'Q', 'A', 'A', 'A', 'K*', 'F', 'I', 'E', 'W', 'L', 'L', 'E', 'A', 'G', 'P', 'S', 'S', 'G', 'G', 'P', 'P', 'P', 'S']","['N[C@@H](Cc1ccc(O)cc1)C(=O)O', 'NC(C)(C)C(=O)O', 'N[C@@H](CCC(=O)O)C(=O)O', 'NCC(=O)O', 'N[C@@H]([C@@H](C)O)C(=O)O', 'N[C@@H](Cc1ccccc1)C(=O)O', 'N[C@@H]([C@@H](C)O)C(=O)O', 'N[C@@H](CO)C(=O)O', 'N[C@@H](CC(=O)O)C(=O)O', 'N[C@@H](Cc1ccc(O)cc1)C(=O)O', 'N[C@@H](CO)C(=O)O', 'N[C@@H]([C@H](CC)C)C(=O)O', 'N[C@@H](CC(C)C)C(=O)O', 'N[C@@H](CC(C)C)C(=O)O', 'N[C@@H](CC(=O)O)C(=O)O', 'N[C@@H](CCC(=O)O)C(=O)O', 'N[C@@H](CCC(=O)N)C(=O)O', 'N[C@@H](C)C(=O)O', 'N[C@@H](C)C(=O)O', 'N[C@@H](C)C(=O)O', 'N[C@H](C(=O)O)CCCCNC(=O)COCCOCCNC(=O)COCCOCCNC(=O)CC[C@@H](NC(=O)CCCCCCCCCCCCCCCCC(=O)O)C(=O)O', 'N[C@@H](Cc1ccccc1)C(=O)O', 'N[C@@H]([C@H](CC)C)C(=O)O', 'N[C@@H](CCC(=O)O)C(=O)O', 'N[C@@H](Cc1c[nH]c2ccccc12)C(=O)O', 'N[C@@H](CC(C)C)C(=O)O', 'N[C@@H](CC(C)C)C(=O)O', 'N[C@@H](CCC(=O)O)C(=O)O', 'N[C@@H](C)C(=O)O', 'NCC(=O)O', 'N1[C@@H](CCC1)C(=O)O', 'N[C@@H](CO)C(=O)O', 'N[C@@H](CO)C(=O)O', 'NCC(=O)O', 'NCC(=O)O', 'N1[C@@H](CCC1)C(=O)O', 'N1[C@@H](CCC1)C(=O)O', 'N1[C@@H](CCC1)C(=O)O', 'N[C@@H](CO)C(=O)O']",semaglutide_side,862.0141
Bit-08-T,128,N[C@@H](Cc1ccc(O)cc1)C(=O)NC(C)(C)C(=O)N[C@@H](CCC(=O)O)C(=O)NCC(=O)N[C@@H]([C@@H](C)O)C(=O)N[C@@H](Cc1ccccc1)C(=O)N[C@@H]([C@@H](C)O)C(=O)N[C@@H](CO)C(=O)N[C@@H](CC(=O)O)C(=O)N[C@@H](Cc1ccc(O)cc1)C(=O)N[C@@H](CO)C(=O)N[C@@H]([C@H](CC)C)C(=O)N[C@@H](CC(C)C)C(=O)N[C@@H](CC(C)C)C(=O)N[C@@H](CC(=O)O)C(=O)N[C@@H](CCC(=O)O)C(=O)N[C@@H](CCC(=O)N)C(=O)N[C@@H](C)C(=O)N[C@@H](C)C(=O)N[C@@H](C)C(=O)N[C@@H](CCCCN)C(=O)N[C@@H](Cc1ccccc1)C(=O)N[C@@H]([C@H](CC)C)C(=O)N[C@@H](CCC(=O)O)C(=O)N[C@@H](Cc1c[nH]c2ccccc12)C(=O)N[C@@H](CC(C)C)C(=O)N[C@@H](CC(C)C)C(=O)N[C@@H](CCC(=O)O)C(=O)N[C@@H](C)C(=O)NCC(=O)N1[C@@H](CCC1)C(=O)N[C@@H](CO)C(=O)N[C@@H](CO)C(=O)NCC(=O)NCC(=O)N1[C@@H](CCC1)C(=O)N1[C@@H](CCC1)C(=O)N1[C@@H](CCC1)C(=O)N[C@@H](CO)C(=O)O,21,Y--Aib--E--G--T--F--T--S--D--Y--S--I--L--L--D--E--Q--A--A--A--K--F--I--E--W--L--L--E--A--G--P--S--S--G--G--P--P--P--S,"['N[C@@H](Cc1ccc(O)cc1)C(=O)O', 'NC(C)(C)C(=O)O', 'N[C@@H](CCC(=O)O)C(=O)O', 'NCC(=O)O', 'N[C@@H]([C@@H](C)O)C(=O)O', 'N[C@@H](Cc1ccccc1)C(=O)O', 'N[C@@H]([C@@H](C)O)C(=O)O', 'N[C@@H](CO)C(=O)O', 'N[C@@H](CC(=O)O)C(=O)O', 'N[C@@H](Cc1ccc(O)cc1)C(=O)O', 'N[C@@H](CO)C(=O)O', 'N[C@@H]([C@H](CC)C)C(=O)O', 'N[C@@H](CC(C)C)C(=O)O', 'N[C@@H](CC(C)C)C(=O)O', 'N[C@@H](CC(=O)O)C(=O)O', 'N[C@@H](CCC(=O)O)C(=O)O', 'N[C@@H](CCC(=O)N)C(=O)O', 'N[C@@H](C)C(=O)O', 'N[C@@H](C)C(=O)O', 'N[C@@H](C)C(=O)O', 'N[C@@H](CCCCN)C(=O)O', 'N[C@@H](Cc1ccccc1)C(=O)O', 'N[C@@H]([C@H](CC)C)C(=O)O', 'N[C@@H](CCC(=O)O)C(=O)O', 'N[C@@H](Cc1c[nH]c2ccccc12)C(=O)O', 'N[C@@H](CC(C)C)C(=O)O', 'N[C@@H](CC(C)C)C(=O)O', 'N[C@@H](CCC(=O)O)C(=O)O', 'N[C@@H](C)C(=O)O', 'NCC(=O)O', 'N1[C@@H](CCC1)C(=O)O', 'N[C@@H](CO)C(=O)O', 'N[C@@H](CO)C(=O)O', 'NCC(=O)O', 'NCC(=O)O', 'N1[C@@H](CCC1)C(=O)O', 'N1[C@@H](CCC1)C(=O)O', 'N1[C@@H](CCC1)C(=O)O', 'N[C@@H](CO)C(=O)O']",39,"['Y', 'Aib', 'E', 'G', 'T', 'F', 'T', 'S', 'D', 'Y', 'S', 'I', 'L', 'L', 'D', 'E', 'Q', 'A', 'A', 'A', 'K*', 'F', 'I', 'E', 'W', 'L', 'L', 'E', 'A', 'G', 'P', 'S', 'S', 'G', 'G', 'P', 'P', 'P', 'S']","['N[C@@H](Cc1ccc(O)cc1)C(=O)O', 'NC(C)(C)C(=O)O', 'N[C@@H](CCC(=O)O)C(=O)O', 'NCC(=O)O', 'N[C@@H]([C@@H](C)O)C(=O)O', 'N[C@@H](Cc1ccccc1)C(=O)O', 'N[C@@H]([C@@H](C)O)C(=O)O', 'N[C@@H](CO)C(=O)O', 'N[C@@H](CC(=O)O)C(=O)O', 'N[C@@H](Cc1ccc(O)cc1)C(=O)O', 'N[C@@H](CO)C(=O)O', 'N[C@@H]([C@H](CC)C)C(=O)O', 'N[C@@H](CC(C)C)C(=O)O', 'N[C@@H](CC(C)C)C(=O)O', 'N[C@@H](CC(=O)O)C(=O)O', 'N[C@@H](CCC(=O)O)C(=O)O', 'N[C@@H](CCC(=O)N)C(=O)O', 'N[C@@H](C)C(=O)O', 'N[C@@H](C)C(=O)O', 'N[C@@H](C)C(=O)O', 'N[C@H](C(=O)O)CCCCNC(=O)COCCOCCNC(=O)COCCOCCNC(=O)CC[C@H](NC(=O)CCCCCCCCCCCCCCCCCCC(=O)O)C(=O)O', 'N[C@@H](Cc1ccccc1)C(=O)O', 'N[C@@H]([C@H](CC)C)C(=O)O', 'N[C@@H](CCC(=O)O)C(=O)O', 'N[C@@H](Cc1c[nH]c2ccccc12)C(=O)O', 'N[C@@H](CC(C)C)C(=O)O', 'N[C@@H](CC(C)C)C(=O)O', 'N[C@@H](CCC(=O)O)C(=O)O', 'N[C@@H](C)C(=O)O', 'NCC(=O)O', 'N1[C@@H](CCC1)C(=O)O', 'N[C@@H](CO)C(=O)O', 'N[C@@H](CO)C(=O)O', 'NCC(=O)O', 'NCC(=O)O', 'N1[C@@H](CCC1)C(=O)O', 'N1[C@@H](CCC1)C(=O)O', 'N1[C@@H](CCC1)C(=O)O', 'N[C@@H](CO)C(=O)O']",tirzepatide_side,890.126
Bit-10-R,141,N[C@@H](Cc1ccc(O)cc1)C(=O)NC(C)(C)C(=O)N[C@@H](CCC(=O)N)C(=O)NCC(=O)N[C@@H]([C@@H](C)O)C(=O)N[C@@H](Cc1ccccc1)C(=O)N[C@@H]([C@@H](C)O)C(=O)N[C@@H](CO)C(=O)N[C@@H](CC(=O)O)C(=O)N[C@@H](Cc1ccc(O)cc1)C(=O)N[C@@H](CO)C(=O)N[C@@H]([C@H](CC)C)C(=O)N[C@@H](CC(C)C)C(=O)N[C@@H](CC(C)C)C(=O)N[C@@H](CC(=O)O)C(=O)N[C@@H](CCCCN)C(=O)N[C@@H]([C@H](CC)C)C(=O)N[C@@H](C)C(=O)N[C@@H](C)C(=O)N[C@@H](CCC(=O)N)C(=O)N[C@@H](C)C(=O)N[C@@H](Cc1ccccc1)C(=O)N[C@@H]([C@H](CC)C)C(=O)N[C@@H](CCC(=O)O)C(=O)N[C@@H](Cc1ccc(O)cc1)C(=O)N[C@@H](CC(C)C)C(=O)N[C@@H](CC(C)C)C(=O)N[C@@H](CCC(=O)O)C(=O)NCC(=O)NCC(=O)N1[C@@H](CCC1)C(=O)N[C@@H](CO)C(=O)N[C@@H](CCCCN)C(=O)NCC(=O)N[C@@H](C)C(=O)N1[C@@H](CCC1)C(=O)N1[C@@H](CCC1)C(=O)N1[C@@H](CCC1)C(=O)N[C@@H](CO)C(=O)O,33,Y--Aib--Q--G--T--F--T--S--D--Y--S--I--L--L--D--K--I--A--A--Q--A--F--I--E--Y--L--L--E--G--G--P--S--K--G--A--P--P--P--S,"['N[C@@H](Cc1ccc(O)cc1)C(=O)O', 'NC(C)(C)C(=O)O', 'N[C@@H](CCC(=O)N)C(=O)O', 'NCC(=O)O', 'N[C@@H]([C@@H](C)O)C(=O)O', 'N[C@@H](Cc1ccccc1)C(=O)O', 'N[C@@H]([C@@H](C)O)C(=O)O', 'N[C@@H](CO)C(=O)O', 'N[C@@H](CC(=O)O)C(=O)O', 'N[C@@H](Cc1ccc(O)cc1)C(=O)O', 'N[C@@H](CO)C(=O)O', 'N[C@@H]([C@H](CC)C)C(=O)O', 'N[C@@H](CC(C)C)C(=O)O', 'N[C@@H](CC(C)C)C(=O)O', 'N[C@@H](CC(=O)O)C(=O)O', 'N[C@@H](CCCCN)C(=O)O', 'N[C@@H]([C@H](CC)C)C(=O)O', 'N[C@@H](C)C(=O)O', 'N[C@@H](C)C(=O)O', 'N[C@@H](CCC(=O)N)C(=O)O', 'N[C@@H](C)C(=O)O', 'N[C@@H](Cc1ccccc1)C(=O)O', 'N[C@@H]([C@H](CC)C)C(=O)O', 'N[C@@H](CCC(=O)O)C(=O)O', 'N[C@@H](Cc1ccc(O)cc1)C(=O)O', 'N[C@@H](CC(C)C)C(=O)O', 'N[C@@H](CC(C)C)C(=O)O', 'N[C@@H](CCC(=O)O)C(=O)O', 'NCC(=O)O', 'NCC(=O)O', 'N1[C@@H](CCC1)C(=O)O', 'N[C@@H](CO)C(=O)O', 'N[C@@H](CCCCN)C(=O)O', 'NCC(=O)O', 'N[C@@H](C)C(=O)O', 'N1[C@@H](CCC1)C(=O)O', 'N1[C@@H](CCC1)C(=O)O', 'N1[C@@H](CCC1)C(=O)O', 'N[C@@H](CO)C(=O)O']",39,"['Y', 'Aib', 'Q', 'G', 'T', 'F', 'T', 'S', 'D', 'Y', 'S', 'I', 'L', 'L', 'D', 'K', 'I', 'A', 'A', 'Q', 'A', 'F', 'I', 'E', 'Y', 'L', 'L', 'E', 'G', 'G', 'P', 'S', 'K*', 'G', 'A', 'P', 'P', 'P', 'S']","['N[C@@H](Cc1ccc(O)cc1)C(=O)O', 'NC(C)(C)C(=O)O', 'N[C@@H](CCC(=O)N)C(=O)O', 'NCC(=O)O', 'N[C@@H]([C@@H](C)O)C(=O)O', 'N[C@@H](Cc1ccccc1)C(=O)O', 'N[C@@H]([C@@H](C)O)C(=O)O', 'N[C@@H](CO)C(=O)O', 'N[C@@H](CC(=O)O)C(=O)O', 'N[C@@H](Cc1ccc(O)cc1)C(=O)O', 'N[C@@H](CO)C(=O)O', 'N[C@@H]([C@H](CC)C)C(=O)O', 'N[C@@H](CC(C)C)C(=O)O', 'N[C@@H](CC(C)C)C(=O)O', 'N[C@@H](CC(=O)O)C(=O)O', 'N[C@@H](CCCCN)C(=O)O', 'N[C@@H]([C@H](CC)C)C(=O)O', 'N[C@@H](C)C(=O)O', 'N[C@@H](C)C(=O)O', 'N[C@@H](CCC(=O)N)C(=O)O', 'N[C@@H](C)C(=O)O', 'N[C@@H](Cc1ccccc1)C(=O)O', 'N[C@@H]([C@H](CC)C)C(=O)O', 'N[C@@H](CCC(=O)O)C(=O)O', 'N[C@@H](Cc1ccc(O)cc1)C(=O)O', 'N[C@@H](CC(C)C)C(=O)O', 'N[C@@H](CC(C)C)C(=O)O', 'N[C@@H](CCC(=O)O)C(=O)O', 'NCC(=O)O', 'NCC(=O)O', 'N1[C@@H](CCC1)C(=O)O', 'N[C@@H](CO)C(=O)O', 'N[C@H](C(=O)O)CCCCNC(=O)COCCOCCNC(=O)CC[C@H](NC(=O)CCCCCCCCCCCCCCCCCCC(=O)O)C(=O)O', 'NCC(=O)O', 'N[C@@H](C)C(=O)O', 'N1[C@@H](CCC1)C(=O)O', 'N1[C@@H](CCC1)C(=O)O', 'N1[C@@H](CCC1)C(=O)O', 'N[C@@H](CO)C(=O)O']",retatrutide_side,744.968
Bit-10-S,141,N[C@@H](Cc1ccc(O)cc1)C(=O)NC(C)(C)C(=O)N[C@@H](CCC(=O)N)C(=O)NCC(=O)N[C@@H]([C@@H](C)O)C(=O)N[C@@H](Cc1ccccc1)C(=O)N[C@@H]([C@@H](C)O)C(=O)N[C@@H](CO)C(=O)N[C@@H](CC(=O)O)C(=O)N[C@@H](Cc1ccc(O)cc1)C(=O)N[C@@H](CO)C(=O)N[C@@H]([C@H](CC)C)C(=O)N[C@@H](CC(C)C)C(=O)N[C@@H](CC(C)C)C(=O)N[C@@H](CC(=O)O)C(=O)N[C@@H](CCCCN)C(=O)N[C@@H]([C@H](CC)C)C(=O)N[C@@H](C)C(=O)N[C@@H](C)C(=O)N[C@@H](CCC(=O)N)C(=O)N[C@@H](C)C(=O)N[C@@H](Cc1ccccc1)C(=O)N[C@@H]([C@H](CC)C)C(=O)N[C@@H](CCC(=O)O)C(=O)N[C@@H](Cc1ccc(O)cc1)C(=O)N[C@@H](CC(C)C)C(=O)N[C@@H](CC(C)C)C(=O)N[C@@H](CCC(=O)O)C(=O)NCC(=O)NCC(=O)N1[C@@H](CCC1)C(=O)N[C@@H](CO)C(=O)N[C@@H](CCCCN)C(=O)NCC(=O)N[C@@H](C)C(=O)N1[C@@H](CCC1)C(=O)N1[C@@H](CCC1)C(=O)N1[C@@H](CCC1)C(=O)N[C@@H](CO)C(=O)O,33,Y--Aib--Q--G--T--F--T--S--D--Y--S--I--L--L--D--K--I--A--A--Q--A--F--I--E--Y--L--L--E--G--G--P--S--K--G--A--P--P--P--S,"['N[C@@H](Cc1ccc(O)cc1)C(=O)O', 'NC(C)(C)C(=O)O', 'N[C@@H](CCC(=O)N)C(=O)O', 'NCC(=O)O', 'N[C@@H]([C@@H](C)O)C(=O)O', 'N[C@@H](Cc1ccccc1)C(=O)O', 'N[C@@H]([C@@H](C)O)C(=O)O', 'N[C@@H](CO)C(=O)O', 'N[C@@H](CC(=O)O)C(=O)O', 'N[C@@H](Cc1ccc(O)cc1)C(=O)O', 'N[C@@H](CO)C(=O)O', 'N[C@@H]([C@H](CC)C)C(=O)O', 'N[C@@H](CC(C)C)C(=O)O', 'N[C@@H](CC(C)C)C(=O)O', 'N[C@@H](CC(=O)O)C(=O)O', 'N[C@@H](CCCCN)C(=O)O', 'N[C@@H]([C@H](CC)C)C(=O)O', 'N[C@@H](C)C(=O)O', 'N[C@@H](C)C(=O)O', 'N[C@@H](CCC(=O)N)C(=O)O', 'N[C@@H](C)C(=O)O', 'N[C@@H](Cc1ccccc1)C(=O)O', 'N[C@@H]([C@H](CC)C)C(=O)O', 'N[C@@H](CCC(=O)O)C(=O)O', 'N[C@@H](Cc1ccc(O)cc1)C(=O)O', 'N[C@@H](CC(C)C)C(=O)O', 'N[C@@H](CC(C)C)C(=O)O', 'N[C@@H](CCC(=O)O)C(=O)O', 'NCC(=O)O', 'NCC(=O)O', 'N1[C@@H](CCC1)C(=O)O', 'N[C@@H](CO)C(=O)O', 'N[C@@H](CCCCN)C(=O)O', 'NCC(=O)O', 'N[C@@H](C)C(=O)O', 'N1[C@@H](CCC1)C(=O)O', 'N1[C@@H](CCC1)C(=O)O', 'N1[C@@H](CCC1)C(=O)O', 'N[C@@H](CO)C(=O)O']",39,"['Y', 'Aib', 'Q', 'G', 'T', 'F', 'T', 'S', 'D', 'Y', 'S', 'I', 'L', 'L', 'D', 'K', 'I', 'A', 'A', 'Q', 'A', 'F', 'I', 'E', 'Y', 'L', 'L', 'E', 'G', 'G', 'P', 'S', 'K*', 'G', 'A', 'P', 'P', 'P', 'S']","['N[C@@H](Cc1ccc(O)cc1)C(=O)O', 'NC(C)(C)C(=O)O', 'N[C@@H](CCC(=O)N)C(=O)O', 'NCC(=O)O', 'N[C@@H]([C@@H](C)O)C(=O)O', 'N[C@@H](Cc1ccccc1)C(=O)O', 'N[C@@H]([C@@H](C)O)C(=O)O', 'N[C@@H](CO)C(=O)O', 'N[C@@H](CC(=O)O)C(=O)O', 'N[C@@H](Cc1ccc(O)cc1)C(=O)O', 'N[C@@H](CO)C(=O)O', 'N[C@@H]([C@H](CC)C)C(=O)O', 'N[C@@H](CC(C)C)C(=O)O', 'N[C@@H](CC(C)C)C(=O)O', 'N[C@@H](CC(=O)O)C(=O)O', 'N[C@@H](CCCCN)C(=O)O', 'N[C@@H]([C@H](CC)C)C(=O)O', 'N[C@@H](C)C(=O)O', 'N[C@@H](C)C(=O)O', 'N[C@@H](CCC(=O)N)C(=O)O', 'N[C@@H](C)C(=O)O', 'N[C@@H](Cc1ccccc1)C(=O)O', 'N[C@@H]([C@H](CC)C)C(=O)O', 'N[C@@H](CCC(=O)O)C(=O)O', 'N[C@@H](Cc1ccc(O)cc1)C(=O)O', 'N[C@@H](CC(C)C)C(=O)O', 'N[C@@H](CC(C)C)C(=O)O', 'N[C@@H](CCC(=O)O)C(=O)O', 'NCC(=O)O', 'NCC(=O)O', 'N1[C@@H](CCC1)C(=O)O', 'N[C@@H](CO)C(=O)O', 'N[C@H](C(=O)O)CCCCNC(=O)COCCOCCNC(=O)COCCOCCNC(=O)CC[C@@H](NC(=O)CCCCCCCCCCCCCCCCC(=O)O)C(=O)O', 'NCC(=O)O', 'N[C@@H](C)C(=O)O', 'N1[C@@H](CCC1)C(=O)O', 'N1[C@@H](CCC1)C(=O)O', 'N1[C@@H](CCC1)C(=O)O', 'N[C@@H](CO)C(=O)O']",semaglutide_side,862.0141
Bit-10-T,141,N[C@@H](Cc1ccc(O)cc1)C(=O)NC(C)(C)C(=O)N[C@@H](CCC(=O)N)C(=O)NCC(=O)N[C@@H]([C@@H](C)O)C(=O)N[C@@H](Cc1ccccc1)C(=O)N[C@@H]([C@@H](C)O)C(=O)N[C@@H](CO)C(=O)N[C@@H](CC(=O)O)C(=O)N[C@@H](Cc1ccc(O)cc1)C(=O)N[C@@H](CO)C(=O)N[C@@H]([C@H](CC)C)C(=O)N[C@@H](CC(C)C)C(=O)N[C@@H](CC(C)C)C(=O)N[C@@H](CC(=O)O)C(=O)N[C@@H](CCCCN)C(=O)N[C@@H]([C@H](CC)C)C(=O)N[C@@H](C)C(=O)N[C@@H](C)C(=O)N[C@@H](CCC(=O)N)C(=O)N[C@@H](C)C(=O)N[C@@H](Cc1ccccc1)C(=O)N[C@@H]([C@H](CC)C)C(=O)N[C@@H](CCC(=O)O)C(=O)N[C@@H](Cc1ccc(O)cc1)C(=O)N[C@@H](CC(C)C)C(=O)N[C@@H](CC(C)C)C(=O)N[C@@H](CCC(=O)O)C(=O)NCC(=O)NCC(=O)N1[C@@H](CCC1)C(=O)N[C@@H](CO)C(=O)N[C@@H](CCCCN)C(=O)NCC(=O)N[C@@H](C)C(=O)N1[C@@H](CCC1)C(=O)N1[C@@H](CCC1)C(=O)N1[C@@H](CCC1)C(=O)N[C@@H](CO)C(=O)O,33,Y--Aib--Q--G--T--F--T--S--D--Y--S--I--L--L--D--K--I--A--A--Q--A--F--I--E--Y--L--L--E--G--G--P--S--K--G--A--P--P--P--S,"['N[C@@H](Cc1ccc(O)cc1)C(=O)O', 'NC(C)(C)C(=O)O', 'N[C@@H](CCC(=O)N)C(=O)O', 'NCC(=O)O', 'N[C@@H]([C@@H](C)O)C(=O)O', 'N[C@@H](Cc1ccccc1)C(=O)O', 'N[C@@H]([C@@H](C)O)C(=O)O', 'N[C@@H](CO)C(=O)O', 'N[C@@H](CC(=O)O)C(=O)O', 'N[C@@H](Cc1ccc(O)cc1)C(=O)O', 'N[C@@H](CO)C(=O)O', 'N[C@@H]([C@H](CC)C)C(=O)O', 'N[C@@H](CC(C)C)C(=O)O', 'N[C@@H](CC(C)C)C(=O)O', 'N[C@@H](CC(=O)O)C(=O)O', 'N[C@@H](CCCCN)C(=O)O', 'N[C@@H]([C@H](CC)C)C(=O)O', 'N[C@@H](C)C(=O)O', 'N[C@@H](C)C(=O)O', 'N[C@@H](CCC(=O)N)C(=O)O', 'N[C@@H](C)C(=O)O', 'N[C@@H](Cc1ccccc1)C(=O)O', 'N[C@@H]([C@H](CC)C)C(=O)O', 'N[C@@H](CCC(=O)O)C(=O)O', 'N[C@@H](Cc1ccc(O)cc1)C(=O)O', 'N[C@@H](CC(C)C)C(=O)O', 'N[C@@H](CC(C)C)C(=O)O', 'N[C@@H](CCC(=O)O)C(=O)O', 'NCC(=O)O', 'NCC(=O)O', 'N1[C@@H](CCC1)C(=O)O', 'N[C@@H](CO)C(=O)O', 'N[C@@H](CCCCN)C(=O)O', 'NCC(=O)O', 'N[C@@H](C)C(=O)O', 'N1[C@@H](CCC1)C(=O)O', 'N1[C@@H](CCC1)C(=O)O', 'N1[C@@H](CCC1)C(=O)O', 'N[C@@H](CO)C(=O)O']",39,"['Y', 'Aib', 'Q', 'G', 'T', 'F', 'T', 'S', 'D', 'Y', 'S', 'I', 'L', 'L', 'D', 'K', 'I', 'A', 'A', 'Q', 'A', 'F', 'I', 'E', 'Y', 'L', 'L', 'E', 'G', 'G', 'P', 'S', 'K*', 'G', 'A', 'P', 'P', 'P', 'S']","['N[C@@H](Cc1ccc(O)cc1)C(=O)O', 'NC(C)(C)C(=O)O', 'N[C@@H](CCC(=O)N)C(=O)O', 'NCC(=O)O', 'N[C@@H]([C@@H](C)O)C(=O)O', 'N[C@@H](Cc1ccccc1)C(=O)O', 'N[C@@H]([C@@H](C)O)C(=O)O', 'N[C@@H](CO)C(=O)O', 'N[C@@H](CC(=O)O)C(=O)O', 'N[C@@H](Cc1ccc(O)cc1)C(=O)O', 'N[C@@H](CO)C(=O)O', 'N[C@@H]([C@H](CC)C)C(=O)O', 'N[C@@H](CC(C)C)C(=O)O', 'N[C@@H](CC(C)C)C(=O)O', 'N[C@@H](CC(=O)O)C(=O)O', 'N[C@@H](CCCCN)C(=O)O', 'N[C@@H]([C@H](CC)C)C(=O)O', 'N[C@@H](C)C(=O)O', 'N[C@@H](C)C(=O)O', 'N[C@@H](CCC(=O)N)C(=O)O', 'N[C@@H](C)C(=O)O', 'N[C@@H](Cc1ccccc1)C(=O)O', 'N[C@@H]([C@H](CC)C)C(=O)O', 'N[C@@H](CCC(=O)O)C(=O)O', 'N[C@@H](Cc1ccc(O)cc1)C(=O)O', 'N[C@@H](CC(C)C)C(=O)O', 'N[C@@H](CC(C)C)C(=O)O', 'N[C@@H](CCC(=O)O)C(=O)O', 'NCC(=O)O', 'NCC(=O)O', 'N1[C@@H](CCC1)C(=O)O', 'N[C@@H](CO)C(=O)O', 'N[C@H](C(=O)O)CCCCNC(=O)COCCOCCNC(=O)COCCOCCNC(=O)CC[C@H](NC(=O)CCCCCCCCCCCCCCCCCCC(=O)O)C(=O)O', 'NCC(=O)O', 'N[C@@H](C)C(=O)O', 'N1[C@@H](CCC1)C(=O)O', 'N1[C@@H](CCC1)C(=O)O', 'N1[C@@H](CCC1)C(=O)O', 'N[C@@H](CO)C(=O)O']",tirzepatide_side,890.126
Retatrutide_Backbone,1,N[C@@H](Cc1ccc(O)cc1)C(=O)NC(C)(C)C(=O)N[C@@H](CCC(=O)N)C(=O)NCC(=O)N[C@@H]([C@@H](C)O)C(=O)N[C@@H](Cc1ccccc1)C(=O)N[C@@H]([C@@H](C)O)C(=O)N[C@@H](CO)C(=O)N[C@@H](CC(=O)O)C(=O)N[C@@H](Cc1ccc(O)cc1)C(=O)N[C@@H](CO)C(=O)N[C@@H]([C@H](CC)C)C(=O)N[C@](CC(C)C)(C)C(=O)N[C@@H](CC(C)C)C(=O)N[C@@H](CC(=O)O)C(=O)N[C@@H](CCCCN)C(=O)N[C@@H](CCCCN)C(=O)N[C@@H](C)C(=O)N[C@@H](CCC(=O)N)C(=O)NC(C)(C)C(=O)N[C@@H](C)C(=O)N[C@@H](Cc1ccccc1)C(=O)N[C@@H]([C@H](CC)C)C(=O)N[C@@H](CCC(=O)O)C(=O)N[C@@H](Cc1ccc(O)cc1)C(=O)N[C@@H](CC(C)C)C(=O)N[C@@H](CC(C)C)C(=O)N[C@@H](CCC(=O)O)C(=O)NCC(=O)NCC(=O)N1[C@@H](CCC1)C(=O)N[C@@H](CO)C(=O)N[C@@H](CO)C(=O)NCC(=O)N[C@@H](C)C(=O)N1[C@@H](CCC1)C(=O)N1[C@@H](CCC1)C(=O)N1[C@@H](CCC1)C(=O)N[C@@H](CO)C(=O)O,17,Y--Aib--Q--G--T--F--T--S--D--Y--S--I--aMeL--L--D--K--K--A--Q--Aib--A--F--I--E--Y--L--L--E--G--G--P--S--S--G--A--P--P--P--S,"['N[C@@H](Cc1ccc(O)cc1)C(=O)O', 'NC(C)(C)C(=O)O', 'N[C@@H](CCC(=O)N)C(=O)O', 'NCC(=O)O', 'N[C@@H]([C@@H](C)O)C(=O)O', 'N[C@@H](Cc1ccccc1)C(=O)O', 'N[C@@H]([C@@H](C)O)C(=O)O', 'N[C@@H](CO)C(=O)O', 'N[C@@H](CC(=O)O)C(=O)O', 'N[C@@H](Cc1ccc(O)cc1)C(=O)O', 'N[C@@H](CO)C(=O)O', 'N[C@@H]([C@H](CC)C)C(=O)O', 'N[C@](CC(C)C)(C)C(=O)O', 'N[C@@H](CC(C)C)C(=O)O', 'N[C@@H](CC(=O)O)C(=O)O', 'N[C@@H](CCCCN)C(=O)O', 'N[C@@H](CCCCN)C(=O)O', 'N[C@@H](C)C(=O)O', 'N[C@@H](CCC(=O)N)C(=O)O', 'NC(C)(C)C(=O)O', 'N[C@@H](C)C(=O)O', 'N[C@@H](Cc1ccccc1)C(=O)O', 'N[C@@H]([C@H](CC)C)C(=O)O', 'N[C@@H](CCC(=O)O)C(=O)O', 'N[C@@H](Cc1ccc(O)cc1)C(=O)O', 'N[C@@H](CC(C)C)C(=O)O', 'N[C@@H](CC(C)C)C(=O)O', 'N[C@@H](CCC(=O)O)C(=O)O', 'NCC(=O)O', 'NCC(=O)O', 'N1[C@@H](CCC1)C(=O)O', 'N[C@@H](CO)C(=O)O', 'N[C@@H](CO)C(=O)O', 'NCC(=O)O', 'N[C@@H](C)C(=O)O', 'N1[C@@H](CCC1)C(=O)O', 'N1[C@@H](CCC1)C(=O)O', 'N1[C@@H](CCC1)C(=O)O', 'N[C@@H](CO)C(=O)O']",39,"['Y', 'Aib', 'Q', 'G', 'T', 'F', 'T', 'S', 'D', 'Y', 'S', 'I', 'aMeL', 'L', 'D', 'K', 'K*', 'A', 'Q', 'Aib', 'A', 'F', 'I', 'E', 'Y', 'L', 'L', 'E', 'G', 'G', 'P', 'S', 'S', 'G', 'A', 'P', 'P', 'P', 'S']","['N[C@@H](Cc1ccc(O)cc1)C(=O)O', 'NC(C)(C)C(=O)O', 'N[C@@H](CCC(=O)N)C(=O)O', 'NCC(=O)O', 'N[C@@H]([C@@H](C)O)C(=O)O', 'N[C@@H](Cc1ccccc1)C(=O)O', 'N[C@@H]([C@@H](C)O)C(=O)O', 'N[C@@H](CO)C(=O)O', 'N[C@@H](CC(=O)O)C(=O)O', 'N[C@@H](Cc1ccc(O)cc1)C(=O)O', 'N[C@@H](CO)C(=O)O', 'N[C@@H]([C@H](CC)C)C(=O)O', 'N[C@](CC(C)C)(C)C(=O)O', 'N[C@@H](CC(C)C)C(=O)O', 'N[C@@H](CC(=O)O)C(=O)O', 'N[C@@H](CCCCN)C(=O)O', 'N[C@H](C(=O)O)CCCCNC(=O)COCCOCCNC(=O)COCCOCCNC(=O)CC[C@H](NC(=O)CCCCCCCCCCCCCCCCCCC(=O)O)C(=O)O', 'N[C@@H](C)C(=O)O', 'N[C@@H](CCC(=O)N)C(=O)O', 'NC(C)(C)C(=O)O', 'N[C@@H](C)C(=O)O', 'N[C@@H](Cc1ccccc1)C(=O)O', 'N[C@@H]([C@H](CC)C)C(=O)O', 'N[C@@H](CCC(=O)O)C(=O)O', 'N[C@@H](Cc1ccc(O)cc1)C(=O)O', 'N[C@@H](CC(C)C)C(=O)O', 'N[C@@H](CC(C)C)C(=O)O', 'N[C@@H](CCC(=O)O)C(=O)O', 'NCC(=O)O', 'NCC(=O)O', 'N1[C@@H](CCC1)C(=O)O', 'N[C@@H](CO)C(=O)O', 'N[C@@H](CO)C(=O)O', 'NCC(=O)O', 'N[C@@H](C)C(=O)O', 'N1[C@@H](CCC1)C(=O)O', 'N1[C@@H](CCC1)C(=O)O', 'N1[C@@H](CCC1)C(=O)O', 'N[C@@H](CO)C(=O)O']",tirzepatide_side,890.126
Retatrutide_Backbone,1,N[C@@H](Cc1ccc(O)cc1)C(=O)NC(C)(C)C(=O)N[C@@H](CCC(=O)N)C(=O)NCC(=O)N[C@@H]([C@@H](C)O)C(=O)N[C@@H](Cc1ccccc1)C(=O)N[C@@H]([C@@H](C)O)C(=O)N[C@@H](CO)C(=O)N[C@@H](CC(=O)O)C(=O)N[C@@H](Cc1ccc(O)cc1)C(=O)N[C@@H](CO)C(=O)N[C@@H]([C@H](CC)C)C(=O)N[C@](CC(C)C)(C)C(=O)N[C@@H](CC(C)C)C(=O)N[C@@H](CC(=O)O)C(=O)N[C@@H](CCCCN)C(=O)N[C@@H](CCCCN)C(=O)N[C@@H](C)C(=O)N[C@@H](CCC(=O)N)C(=O)NC(C)(C)C(=O)N[C@@H](C)C(=O)N[C@@H](Cc1ccccc1)C(=O)N[C@@H]([C@H](CC)C)C(=O)N[C@@H](CCC(=O)O)C(=O)N[C@@H](Cc1ccc(O)cc1)C(=O)N[C@@H](CC(C)C)C(=O)N[C@@H](CC(C)C)C(=O)N[C@@H](CCC(=O)O)C(=O)NCC(=O)NCC(=O)N1[C@@H](CCC1)C(=O)N[C@@H](CO)C(=O)N[C@@H](CO)C(=O)NCC(=O)N[C@@H](C)C(=O)N1[C@@H](CCC1)C(=O)N1[C@@H](CCC1)C(=O)N1[C@@H](CCC1)C(=O)N[C@@H](CO)C(=O)O,17,Y--Aib--Q--G--T--F--T--S--D--Y--S--I--aMeL--L--D--K--K--A--Q--Aib--A--F--I--E--Y--L--L--E--G--G--P--S--S--G--A--P--P--P--S,"['N[C@@H](Cc1ccc(O)cc1)C(=O)O', 'NC(C)(C)C(=O)O', 'N[C@@H](CCC(=O)N)C(=O)O', 'NCC(=O)O', 'N[C@@H]([C@@H](C)O)C(=O)O', 'N[C@@H](Cc1ccccc1)C(=O)O', 'N[C@@H]([C@@H](C)O)C(=O)O', 'N[C@@H](CO)C(=O)O', 'N[C@@H](CC(=O)O)C(=O)O', 'N[C@@H](Cc1ccc(O)cc1)C(=O)O', 'N[C@@H](CO)C(=O)O', 'N[C@@H]([C@H](CC)C)C(=O)O', 'N[C@](CC(C)C)(C)C(=O)O', 'N[C@@H](CC(C)C)C(=O)O', 'N[C@@H](CC(=O)O)C(=O)O', 'N[C@@H](CCCCN)C(=O)O', 'N[C@@H](CCCCN)C(=O)O', 'N[C@@H](C)C(=O)O', 'N[C@@H](CCC(=O)N)C(=O)O', 'NC(C)(C)C(=O)O', 'N[C@@H](C)C(=O)O', 'N[C@@H](Cc1ccccc1)C(=O)O', 'N[C@@H]([C@H](CC)C)C(=O)O', 'N[C@@H](CCC(=O)O)C(=O)O', 'N[C@@H](Cc1ccc(O)cc1)C(=O)O', 'N[C@@H](CC(C)C)C(=O)O', 'N[C@@H](CC(C)C)C(=O)O', 'N[C@@H](CCC(=O)O)C(=O)O', 'NCC(=O)O', 'NCC(=O)O', 'N1[C@@H](CCC1)C(=O)O', 'N[C@@H](CO)C(=O)O', 'N[C@@H](CO)C(=O)O', 'NCC(=O)O', 'N[C@@H](C)C(=O)O', 'N1[C@@H](CCC1)C(=O)O', 'N1[C@@H](CCC1)C(=O)O', 'N1[C@@H](CCC1)C(=O)O', 'N[C@@H](CO)C(=O)O']",39,"['Y', 'Aib', 'Q', 'G', 'T', 'F', 'T', 'S', 'D', 'Y', 'S', 'I', 'aMeL', 'L', 'D', 'K', 'K*', 'A', 'Q', 'Aib', 'A', 'F', 'I', 'E', 'Y', 'L', 'L', 'E', 'G', 'G', 'P', 'S', 'S', 'G', 'A', 'P', 'P', 'P', 'S']","['N[C@@H](Cc1ccc(O)cc1)C(=O)O', 'NC(C)(C)C(=O)O', 'N[C@@H](CCC(=O)N)C(=O)O', 'NCC(=O)O', 'N[C@@H]([C@@H](C)O)C(=O)O', 'N[C@@H](Cc1ccccc1)C(=O)O', 'N[C@@H]([C@@H](C)O)C(=O)O', 'N[C@@H](CO)C(=O)O', 'N[C@@H](CC(=O)O)C(=O)O', 'N[C@@H](Cc1ccc(O)cc1)C(=O)O', 'N[C@@H](CO)C(=O)O', 'N[C@@H]([C@H](CC)C)C(=O)O', 'N[C@](CC(C)C)(C)C(=O)O', 'N[C@@H](CC(C)C)C(=O)O', 'N[C@@H](CC(=O)O)C(=O)O', 'N[C@@H](CCCCN)C(=O)O', 'N[C@H](C(=O)O)CCCCNC(=O)COCCOCCNC(=O)CC[C@H](NC(=O)CCCCCCCCCCCCCCCCCCC(=O)O)C(=O)O', 'N[C@@H](C)C(=O)O', 'N[C@@H](CCC(=O)N)C(=O)O', 'NC(C)(C)C(=O)O', 'N[C@@H](C)C(=O)O', 'N[C@@H](Cc1ccccc1)C(=O)O', 'N[C@@H]([C@H](CC)C)C(=O)O', 'N[C@@H](CCC(=O)O)C(=O)O', 'N[C@@H](Cc1ccc(O)cc1)C(=O)O', 'N[C@@H](CC(C)C)C(=O)O', 'N[C@@H](CC(C)C)C(=O)O', 'N[C@@H](CCC(=O)O)C(=O)O', 'NCC(=O)O', 'NCC(=O)O', 'N1[C@@H](CCC1)C(=O)O', 'N[C@@H](CO)C(=O)O', 'N[C@@H](CO)C(=O)O', 'NCC(=O)O', 'N[C@@H](C)C(=O)O', 'N1[C@@H](CCC1)C(=O)O', 'N1[C@@H](CCC1)C(=O)O', 'N1[C@@H](CCC1)C(=O)O', 'N[C@@H](CO)C(=O)O']",retatrutide_side,744.968
Retatrutide_Backbone,1,N[C@@H](Cc1ccc(O)cc1)C(=O)NC(C)(C)C(=O)N[C@@H](CCC(=O)N)C(=O)NCC(=O)N[C@@H]([C@@H](C)O)C(=O)N[C@@H](Cc1ccccc1)C(=O)N[C@@H]([C@@H](C)O)C(=O)N[C@@H](CO)C(=O)N[C@@H](CC(=O)O)C(=O)N[C@@H](Cc1ccc(O)cc1)C(=O)N[C@@H](CO)C(=O)N[C@@H]([C@H](CC)C)C(=O)N[C@](CC(C)C)(C)C(=O)N[C@@H](CC(C)C)C(=O)N[C@@H](CC(=O)O)C(=O)N[C@@H](CCCCN)C(=O)N[C@@H](CCCCN)C(=O)N[C@@H](C)C(=O)N[C@@H](CCC(=O)N)C(=O)NC(C)(C)C(=O)N[C@@H](C)C(=O)N[C@@H](Cc1ccccc1)C(=O)N[C@@H]([C@H](CC)C)C(=O)N[C@@H](CCC(=O)O)C(=O)N[C@@H](Cc1ccc(O)cc1)C(=O)N[C@@H](CC(C)C)C(=O)N[C@@H](CC(C)C)C(=O)N[C@@H](CCC(=O)O)C(=O)NCC(=O)NCC(=O)N1[C@@H](CCC1)C(=O)N[C@@H](CO)C(=O)N[C@@H](CO)C(=O)NCC(=O)N[C@@H](C)C(=O)N1[C@@H](CCC1)C(=O)N1[C@@H](CCC1)C(=O)N1[C@@H](CCC1)C(=O)N[C@@H](CO)C(=O)O,17,Y--Aib--Q--G--T--F--T--S--D--Y--S--I--aMeL--L--D--K--K--A--Q--Aib--A--F--I--E--Y--L--L--E--G--G--P--S--S--G--A--P--P--P--S,"['N[C@@H](Cc1ccc(O)cc1)C(=O)O', 'NC(C)(C)C(=O)O', 'N[C@@H](CCC(=O)N)C(=O)O', 'NCC(=O)O', 'N[C@@H]([C@@H](C)O)C(=O)O', 'N[C@@H](Cc1ccccc1)C(=O)O', 'N[C@@H]([C@@H](C)O)C(=O)O', 'N[C@@H](CO)C(=O)O', 'N[C@@H](CC(=O)O)C(=O)O', 'N[C@@H](Cc1ccc(O)cc1)C(=O)O', 'N[C@@H](CO)C(=O)O', 'N[C@@H]([C@H](CC)C)C(=O)O', 'N[C@](CC(C)C)(C)C(=O)O', 'N[C@@H](CC(C)C)C(=O)O', 'N[C@@H](CC(=O)O)C(=O)O', 'N[C@@H](CCCCN)C(=O)O', 'N[C@@H](CCCCN)C(=O)O', 'N[C@@H](C)C(=O)O', 'N[C@@H](CCC(=O)N)C(=O)O', 'NC(C)(C)C(=O)O', 'N[C@@H](C)C(=O)O', 'N[C@@H](Cc1ccccc1)C(=O)O', 'N[C@@H]([C@H](CC)C)C(=O)O', 'N[C@@H](CCC(=O)O)C(=O)O', 'N[C@@H](Cc1ccc(O)cc1)C(=O)O', 'N[C@@H](CC(C)C)C(=O)O', 'N[C@@H](CC(C)C)C(=O)O', 'N[C@@H](CCC(=O)O)C(=O)O', 'NCC(=O)O', 'NCC(=O)O', 'N1[C@@H](CCC1)C(=O)O', 'N[C@@H](CO)C(=O)O', 'N[C@@H](CO)C(=O)O', 'NCC(=O)O', 'N[C@@H](C)C(=O)O', 'N1[C@@H](CCC1)C(=O)O', 'N1[C@@H](CCC1)C(=O)O', 'N1[C@@H](CCC1)C(=O)O', 'N[C@@H](CO)C(=O)O']",39,"['Y', 'Aib', 'Q', 'G', 'T', 'F', 'T', 'S', 'D', 'Y', 'S', 'I', 'aMeL', 'L', 'D', 'K', 'K*', 'A', 'Q', 'Aib', 'A', 'F', 'I', 'E', 'Y', 'L', 'L', 'E', 'G', 'G', 'P', 'S', 'S', 'G', 'A', 'P', 'P', 'P', 'S']","['N[C@@H](Cc1ccc(O)cc1)C(=O)O', 'NC(C)(C)C(=O)O', 'N[C@@H](CCC(=O)N)C(=O)O', 'NCC(=O)O', 'N[C@@H]([C@@H](C)O)C(=O)O', 'N[C@@H](Cc1ccccc1)C(=O)O', 'N[C@@H]([C@@H](C)O)C(=O)O', 'N[C@@H](CO)C(=O)O', 'N[C@@H](CC(=O)O)C(=O)O', 'N[C@@H](Cc1ccc(O)cc1)C(=O)O', 'N[C@@H](CO)C(=O)O', 'N[C@@H]([C@H](CC)C)C(=O)O', 'N[C@](CC(C)C)(C)C(=O)O', 'N[C@@H](CC(C)C)C(=O)O', 'N[C@@H](CC(=O)O)C(=O)O', 'N[C@@H](CCCCN)C(=O)O', 'N[C@H](C(=O)O)CCCCNC(=O)COCCOCCNC(=O)COCCOCCNC(=O)CC[C@@H](NC(=O)CCCCCCCCCCCCCCCCC(=O)O)C(=O)O', 'N[C@@H](C)C(=O)O', 'N[C@@H](CCC(=O)N)C(=O)O', 'NC(C)(C)C(=O)O', 'N[C@@H](C)C(=O)O', 'N[C@@H](Cc1ccccc1)C(=O)O', 'N[C@@H]([C@H](CC)C)C(=O)O', 'N[C@@H](CCC(=O)O)C(=O)O', 'N[C@@H](Cc1ccc(O)cc1)C(=O)O', 'N[C@@H](CC(C)C)C(=O)O', 'N[C@@H](CC(C)C)C(=O)O', 'N[C@@H](CCC(=O)O)C(=O)O', 'NCC(=O)O', 'NCC(=O)O', 'N1[C@@H](CCC1)C(=O)O', 'N[C@@H](CO)C(=O)O', 'N[C@@H](CO)C(=O)O', 'NCC(=O)O', 'N[C@@H](C)C(=O)O', 'N1[C@@H](CCC1)C(=O)O', 'N1[C@@H](CCC1)C(=O)O', 'N1[C@@H](CCC1)C(=O)O', 'N[C@@H](CO)C(=O)O']",semaglutide_side,862.0141
