ID,AF3_ID,Backbone_smiles,mutation_pos_1,pep_sequence,pep_smiles,length,pep_sequence_model,pep_smiles_model,add_side_temp,add_side_MW,pred_addside_mean_pEC50_GIPR_activity,pred_addside_mean_pEC50_GLP1R_activity,pred_addside_mean_pEC50_GCGR_activity,pred_addside_mean_GIPR_activity,pred_addside_mean_GLP1R_activity,pred_addside_mean_GCGR_activity
Bit-01-R,187,[H]N[C@H](C(NC(C)(C(N[C@@H](CCC(O)=O)C(NCC(N[C@](C(N[C@H](C(N[C@](C(N[C@@H](CO)C(N[C@H](C(N[C@H](C(N[C@@H](CO)C(N[C@](C(N[C@](C(N[C@@H](CC(C)C)C(N[C@H](C(N[C@H](C(N[C@@H](CCCCN)C(N[C@H](C(N[C@@H](CCC(N)=O)C(NC(C)(C(N[C@H](C(N[C@H](C(N[C@](C(N[C@@H](CCC(O)=O)C(N[C@H](C(N[C@@H](CC(C)C)C(N[C@@H](CC(C)C)C(N[C@@H](CCC(O)=O)C(NCC(NCC(N1CCC[C@H]1C(N[C@@H](CO)C(N[C@@H](CCCCN)C(NCC(NCC(N2CCC[C@H]2C(N3CCC[C@H]3C(N4CCC[C@H]4C(N[C@@H](CO)C(O)=O)=O)=O)=O)=O)=O)=O)=O)=O)=O)=O)=O)=O)=O)=O)CC5=CNC6=C5C=CC=C6)=O)=O)([C@@H](C)CC)[H])=O)CC7=CC=CC=C7)=O)C)=O)C)=O)=O)C)=O)=O)C)=O)CC(O)=O)=O)=O)([C@@H](C)CC)[H])=O)([C@@H](C)CC)[H])=O)=O)CC8=CC=C(C=C8)O)=O)CC(O)=O)=O)=O)([C@H](O)C)[H])=O)CC9=CC=CC=C9)=O)([C@H](O)C)[H])=O)=O)=O)C)=O)CC%10=CC=C(O)C=C%10,33,Y--Aib--E--G--T--F--T--S--D--Y--S--I--I--L--D--A--K--A--Q--Aib--A--F--I--E--W--L--L--E--G--G--P--S--K--G--G--P--P--P--S,"['N[C@@H](Cc1ccc(O)cc1)C(=O)O', 'NC(C)(C)C(=O)O', 'N[C@@H](CCC(=O)O)C(=O)O', 'NCC(=O)O', 'N[C@@H]([C@@H](C)O)C(=O)O', 'N[C@@H](Cc1ccccc1)C(=O)O', 'N[C@@H]([C@@H](C)O)C(=O)O', 'N[C@@H](CO)C(=O)O', 'N[C@@H](CC(=O)O)C(=O)O', 'N[C@@H](Cc1ccc(O)cc1)C(=O)O', 'N[C@@H](CO)C(=O)O', 'N[C@@H]([C@H](CC)C)C(=O)O', 'N[C@@H]([C@H](CC)C)C(=O)O', 'N[C@@H](CC(C)C)C(=O)O', 'N[C@@H](CC(=O)O)C(=O)O', 'N[C@@H](C)C(=O)O', 'N[C@@H](CCCCN)C(=O)O', 'N[C@@H](C)C(=O)O', 'N[C@@H](CCC(=O)N)C(=O)O', 'NC(C)(C)C(=O)O', 'N[C@@H](C)C(=O)O', 'N[C@@H](Cc1ccccc1)C(=O)O', 'N[C@@H]([C@H](CC)C)C(=O)O', 'N[C@@H](CCC(=O)O)C(=O)O', 'N[C@@H](Cc1c[nH]c2ccccc12)C(=O)O', 'N[C@@H](CC(C)C)C(=O)O', 'N[C@@H](CC(C)C)C(=O)O', 'N[C@@H](CCC(=O)O)C(=O)O', 'NCC(=O)O', 'NCC(=O)O', 'N1[C@@H](CCC1)C(=O)O', 'N[C@@H](CO)C(=O)O', 'N[C@@H](CCCCN)C(=O)O', 'NCC(=O)O', 'NCC(=O)O', 'N1[C@@H](CCC1)C(=O)O', 'N1[C@@H](CCC1)C(=O)O', 'N1[C@@H](CCC1)C(=O)O', 'N[C@@H](CO)C(=O)O']",39,"['Y', 'Aib', 'E', 'G', 'T', 'F', 'T', 'S', 'D', 'Y', 'S', 'I', 'I', 'L', 'D', 'A', 'K', 'A', 'Q', 'Aib', 'A', 'F', 'I', 'E', 'W', 'L', 'L', 'E', 'G', 'G', 'P', 'S', 'K*', 'G', 'G', 'P', 'P', 'P', 'S']","['N[C@@H](Cc1ccc(O)cc1)C(=O)O', 'NC(C)(C)C(=O)O', 'N[C@@H](CCC(=O)O)C(=O)O', 'NCC(=O)O', 'N[C@@H]([C@@H](C)O)C(=O)O', 'N[C@@H](Cc1ccccc1)C(=O)O', 'N[C@@H]([C@@H](C)O)C(=O)O', 'N[C@@H](CO)C(=O)O', 'N[C@@H](CC(=O)O)C(=O)O', 'N[C@@H](Cc1ccc(O)cc1)C(=O)O', 'N[C@@H](CO)C(=O)O', 'N[C@@H]([C@H](CC)C)C(=O)O', 'N[C@@H]([C@H](CC)C)C(=O)O', 'N[C@@H](CC(C)C)C(=O)O', 'N[C@@H](CC(=O)O)C(=O)O', 'N[C@@H](C)C(=O)O', 'N[C@@H](CCCCN)C(=O)O', 'N[C@@H](C)C(=O)O', 'N[C@@H](CCC(=O)N)C(=O)O', 'NC(C)(C)C(=O)O', 'N[C@@H](C)C(=O)O', 'N[C@@H](Cc1ccccc1)C(=O)O', 'N[C@@H]([C@H](CC)C)C(=O)O', 'N[C@@H](CCC(=O)O)C(=O)O', 'N[C@@H](Cc1c[nH]c2ccccc12)C(=O)O', 'N[C@@H](CC(C)C)C(=O)O', 'N[C@@H](CC(C)C)C(=O)O', 'N[C@@H](CCC(=O)O)C(=O)O', 'NCC(=O)O', 'NCC(=O)O', 'N1[C@@H](CCC1)C(=O)O', 'N[C@@H](CO)C(=O)O', 'N[C@H](C(=O)O)CCCCNC(=O)COCCOCCNC(=O)CC[C@H](NC(=O)CCCCCCCCCCCCCCCCCCC(=O)O)C(=O)O', 'NCC(=O)O', 'NCC(=O)O', 'N1[C@@H](CCC1)C(=O)O', 'N1[C@@H](CCC1)C(=O)O', 'N1[C@@H](CCC1)C(=O)O', 'N[C@@H](CO)C(=O)O']",retatrutide_side,744.968,11.428649248238292,11.037965638204387,6.753140401162462,0.0037,0.0092,176.5467
Bit-01-S,187,[H]N[C@H](C(NC(C)(C(N[C@@H](CCC(O)=O)C(NCC(N[C@](C(N[C@H](C(N[C@](C(N[C@@H](CO)C(N[C@H](C(N[C@H](C(N[C@@H](CO)C(N[C@](C(N[C@](C(N[C@@H](CC(C)C)C(N[C@H](C(N[C@H](C(N[C@@H](CCCCN)C(N[C@H](C(N[C@@H](CCC(N)=O)C(NC(C)(C(N[C@H](C(N[C@H](C(N[C@](C(N[C@@H](CCC(O)=O)C(N[C@H](C(N[C@@H](CC(C)C)C(N[C@@H](CC(C)C)C(N[C@@H](CCC(O)=O)C(NCC(NCC(N1CCC[C@H]1C(N[C@@H](CO)C(N[C@@H](CCCCN)C(NCC(NCC(N2CCC[C@H]2C(N3CCC[C@H]3C(N4CCC[C@H]4C(N[C@@H](CO)C(O)=O)=O)=O)=O)=O)=O)=O)=O)=O)=O)=O)=O)=O)=O)=O)CC5=CNC6=C5C=CC=C6)=O)=O)([C@@H](C)CC)[H])=O)CC7=CC=CC=C7)=O)C)=O)C)=O)=O)C)=O)=O)C)=O)CC(O)=O)=O)=O)([C@@H](C)CC)[H])=O)([C@@H](C)CC)[H])=O)=O)CC8=CC=C(C=C8)O)=O)CC(O)=O)=O)=O)([C@H](O)C)[H])=O)CC9=CC=CC=C9)=O)([C@H](O)C)[H])=O)=O)=O)C)=O)CC%10=CC=C(O)C=C%10,33,Y--Aib--E--G--T--F--T--S--D--Y--S--I--I--L--D--A--K--A--Q--Aib--A--F--I--E--W--L--L--E--G--G--P--S--K--G--G--P--P--P--S,"['N[C@@H](Cc1ccc(O)cc1)C(=O)O', 'NC(C)(C)C(=O)O', 'N[C@@H](CCC(=O)O)C(=O)O', 'NCC(=O)O', 'N[C@@H]([C@@H](C)O)C(=O)O', 'N[C@@H](Cc1ccccc1)C(=O)O', 'N[C@@H]([C@@H](C)O)C(=O)O', 'N[C@@H](CO)C(=O)O', 'N[C@@H](CC(=O)O)C(=O)O', 'N[C@@H](Cc1ccc(O)cc1)C(=O)O', 'N[C@@H](CO)C(=O)O', 'N[C@@H]([C@H](CC)C)C(=O)O', 'N[C@@H]([C@H](CC)C)C(=O)O', 'N[C@@H](CC(C)C)C(=O)O', 'N[C@@H](CC(=O)O)C(=O)O', 'N[C@@H](C)C(=O)O', 'N[C@@H](CCCCN)C(=O)O', 'N[C@@H](C)C(=O)O', 'N[C@@H](CCC(=O)N)C(=O)O', 'NC(C)(C)C(=O)O', 'N[C@@H](C)C(=O)O', 'N[C@@H](Cc1ccccc1)C(=O)O', 'N[C@@H]([C@H](CC)C)C(=O)O', 'N[C@@H](CCC(=O)O)C(=O)O', 'N[C@@H](Cc1c[nH]c2ccccc12)C(=O)O', 'N[C@@H](CC(C)C)C(=O)O', 'N[C@@H](CC(C)C)C(=O)O', 'N[C@@H](CCC(=O)O)C(=O)O', 'NCC(=O)O', 'NCC(=O)O', 'N1[C@@H](CCC1)C(=O)O', 'N[C@@H](CO)C(=O)O', 'N[C@@H](CCCCN)C(=O)O', 'NCC(=O)O', 'NCC(=O)O', 'N1[C@@H](CCC1)C(=O)O', 'N1[C@@H](CCC1)C(=O)O', 'N1[C@@H](CCC1)C(=O)O', 'N[C@@H](CO)C(=O)O']",39,"['Y', 'Aib', 'E', 'G', 'T', 'F', 'T', 'S', 'D', 'Y', 'S', 'I', 'I', 'L', 'D', 'A', 'K', 'A', 'Q', 'Aib', 'A', 'F', 'I', 'E', 'W', 'L', 'L', 'E', 'G', 'G', 'P', 'S', 'K*', 'G', 'G', 'P', 'P', 'P', 'S']","['N[C@@H](Cc1ccc(O)cc1)C(=O)O', 'NC(C)(C)C(=O)O', 'N[C@@H](CCC(=O)O)C(=O)O', 'NCC(=O)O', 'N[C@@H]([C@@H](C)O)C(=O)O', 'N[C@@H](Cc1ccccc1)C(=O)O', 'N[C@@H]([C@@H](C)O)C(=O)O', 'N[C@@H](CO)C(=O)O', 'N[C@@H](CC(=O)O)C(=O)O', 'N[C@@H](Cc1ccc(O)cc1)C(=O)O', 'N[C@@H](CO)C(=O)O', 'N[C@@H]([C@H](CC)C)C(=O)O', 'N[C@@H]([C@H](CC)C)C(=O)O', 'N[C@@H](CC(C)C)C(=O)O', 'N[C@@H](CC(=O)O)C(=O)O', 'N[C@@H](C)C(=O)O', 'N[C@@H](CCCCN)C(=O)O', 'N[C@@H](C)C(=O)O', 'N[C@@H](CCC(=O)N)C(=O)O', 'NC(C)(C)C(=O)O', 'N[C@@H](C)C(=O)O', 'N[C@@H](Cc1ccccc1)C(=O)O', 'N[C@@H]([C@H](CC)C)C(=O)O', 'N[C@@H](CCC(=O)O)C(=O)O', 'N[C@@H](Cc1c[nH]c2ccccc12)C(=O)O', 'N[C@@H](CC(C)C)C(=O)O', 'N[C@@H](CC(C)C)C(=O)O', 'N[C@@H](CCC(=O)O)C(=O)O', 'NCC(=O)O', 'NCC(=O)O', 'N1[C@@H](CCC1)C(=O)O', 'N[C@@H](CO)C(=O)O', 'N[C@H](C(=O)O)CCCCNC(=O)COCCOCCNC(=O)COCCOCCNC(=O)CC[C@@H](NC(=O)CCCCCCCCCCCCCCCCC(=O)O)C(=O)O', 'NCC(=O)O', 'NCC(=O)O', 'N1[C@@H](CCC1)C(=O)O', 'N1[C@@H](CCC1)C(=O)O', 'N1[C@@H](CCC1)C(=O)O', 'N[C@@H](CO)C(=O)O']",semaglutide_side,862.0141,11.36198280687114,10.674815520358699,6.454697029454992,0.0043,0.0211,350.9966
Bit-01-T,187,[H]N[C@H](C(NC(C)(C(N[C@@H](CCC(O)=O)C(NCC(N[C@](C(N[C@H](C(N[C@](C(N[C@@H](CO)C(N[C@H](C(N[C@H](C(N[C@@H](CO)C(N[C@](C(N[C@](C(N[C@@H](CC(C)C)C(N[C@H](C(N[C@H](C(N[C@@H](CCCCN)C(N[C@H](C(N[C@@H](CCC(N)=O)C(NC(C)(C(N[C@H](C(N[C@H](C(N[C@](C(N[C@@H](CCC(O)=O)C(N[C@H](C(N[C@@H](CC(C)C)C(N[C@@H](CC(C)C)C(N[C@@H](CCC(O)=O)C(NCC(NCC(N1CCC[C@H]1C(N[C@@H](CO)C(N[C@@H](CCCCN)C(NCC(NCC(N2CCC[C@H]2C(N3CCC[C@H]3C(N4CCC[C@H]4C(N[C@@H](CO)C(O)=O)=O)=O)=O)=O)=O)=O)=O)=O)=O)=O)=O)=O)=O)=O)CC5=CNC6=C5C=CC=C6)=O)=O)([C@@H](C)CC)[H])=O)CC7=CC=CC=C7)=O)C)=O)C)=O)=O)C)=O)=O)C)=O)CC(O)=O)=O)=O)([C@@H](C)CC)[H])=O)([C@@H](C)CC)[H])=O)=O)CC8=CC=C(C=C8)O)=O)CC(O)=O)=O)=O)([C@H](O)C)[H])=O)CC9=CC=CC=C9)=O)([C@H](O)C)[H])=O)=O)=O)C)=O)CC%10=CC=C(O)C=C%10,33,Y--Aib--E--G--T--F--T--S--D--Y--S--I--I--L--D--A--K--A--Q--Aib--A--F--I--E--W--L--L--E--G--G--P--S--K--G--G--P--P--P--S,"['N[C@@H](Cc1ccc(O)cc1)C(=O)O', 'NC(C)(C)C(=O)O', 'N[C@@H](CCC(=O)O)C(=O)O', 'NCC(=O)O', 'N[C@@H]([C@@H](C)O)C(=O)O', 'N[C@@H](Cc1ccccc1)C(=O)O', 'N[C@@H]([C@@H](C)O)C(=O)O', 'N[C@@H](CO)C(=O)O', 'N[C@@H](CC(=O)O)C(=O)O', 'N[C@@H](Cc1ccc(O)cc1)C(=O)O', 'N[C@@H](CO)C(=O)O', 'N[C@@H]([C@H](CC)C)C(=O)O', 'N[C@@H]([C@H](CC)C)C(=O)O', 'N[C@@H](CC(C)C)C(=O)O', 'N[C@@H](CC(=O)O)C(=O)O', 'N[C@@H](C)C(=O)O', 'N[C@@H](CCCCN)C(=O)O', 'N[C@@H](C)C(=O)O', 'N[C@@H](CCC(=O)N)C(=O)O', 'NC(C)(C)C(=O)O', 'N[C@@H](C)C(=O)O', 'N[C@@H](Cc1ccccc1)C(=O)O', 'N[C@@H]([C@H](CC)C)C(=O)O', 'N[C@@H](CCC(=O)O)C(=O)O', 'N[C@@H](Cc1c[nH]c2ccccc12)C(=O)O', 'N[C@@H](CC(C)C)C(=O)O', 'N[C@@H](CC(C)C)C(=O)O', 'N[C@@H](CCC(=O)O)C(=O)O', 'NCC(=O)O', 'NCC(=O)O', 'N1[C@@H](CCC1)C(=O)O', 'N[C@@H](CO)C(=O)O', 'N[C@@H](CCCCN)C(=O)O', 'NCC(=O)O', 'NCC(=O)O', 'N1[C@@H](CCC1)C(=O)O', 'N1[C@@H](CCC1)C(=O)O', 'N1[C@@H](CCC1)C(=O)O', 'N[C@@H](CO)C(=O)O']",39,"['Y', 'Aib', 'E', 'G', 'T', 'F', 'T', 'S', 'D', 'Y', 'S', 'I', 'I', 'L', 'D', 'A', 'K', 'A', 'Q', 'Aib', 'A', 'F', 'I', 'E', 'W', 'L', 'L', 'E', 'G', 'G', 'P', 'S', 'K*', 'G', 'G', 'P', 'P', 'P', 'S']","['N[C@@H](Cc1ccc(O)cc1)C(=O)O', 'NC(C)(C)C(=O)O', 'N[C@@H](CCC(=O)O)C(=O)O', 'NCC(=O)O', 'N[C@@H]([C@@H](C)O)C(=O)O', 'N[C@@H](Cc1ccccc1)C(=O)O', 'N[C@@H]([C@@H](C)O)C(=O)O', 'N[C@@H](CO)C(=O)O', 'N[C@@H](CC(=O)O)C(=O)O', 'N[C@@H](Cc1ccc(O)cc1)C(=O)O', 'N[C@@H](CO)C(=O)O', 'N[C@@H]([C@H](CC)C)C(=O)O', 'N[C@@H]([C@H](CC)C)C(=O)O', 'N[C@@H](CC(C)C)C(=O)O', 'N[C@@H](CC(=O)O)C(=O)O', 'N[C@@H](C)C(=O)O', 'N[C@@H](CCCCN)C(=O)O', 'N[C@@H](C)C(=O)O', 'N[C@@H](CCC(=O)N)C(=O)O', 'NC(C)(C)C(=O)O', 'N[C@@H](C)C(=O)O', 'N[C@@H](Cc1ccccc1)C(=O)O', 'N[C@@H]([C@H](CC)C)C(=O)O', 'N[C@@H](CCC(=O)O)C(=O)O', 'N[C@@H](Cc1c[nH]c2ccccc12)C(=O)O', 'N[C@@H](CC(C)C)C(=O)O', 'N[C@@H](CC(C)C)C(=O)O', 'N[C@@H](CCC(=O)O)C(=O)O', 'NCC(=O)O', 'NCC(=O)O', 'N1[C@@H](CCC1)C(=O)O', 'N[C@@H](CO)C(=O)O', 'N[C@H](C(=O)O)CCCCNC(=O)COCCOCCNC(=O)COCCOCCNC(=O)CC[C@H](NC(=O)CCCCCCCCCCCCCCCCCCC(=O)O)C(=O)O', 'NCC(=O)O', 'NCC(=O)O', 'N1[C@@H](CCC1)C(=O)O', 'N1[C@@H](CCC1)C(=O)O', 'N1[C@@H](CCC1)C(=O)O', 'N[C@@H](CO)C(=O)O']",tirzepatide_side,890.126,11.368628390595509,10.77345281985242,6.555140367344534,0.0043,0.0168,278.5221
Bit-05-R,49,[H]N[C@H](C(NC(C)(C(N[C@@H](CCC(N)=O)C(NCC(N[C@](C(N[C@H](C(N[C@](C(N[C@@H](CO)C(N[C@H](C(N[C@H](C(N[C@@H](CO)C(N[C@](C(N[C@@H](CC(C)C)C(N[C@@H](CC(C)C)C(N[C@H](C(N[C@@H](CCCCN)C(N[C@@H](CCC(N)=O)C(N[C@H](C(N[C@H](C(NC(C)(C(N[C@@H](CCCNC(N)=N)C(N[C@H](C(N[C@](C(N[C@@H](CCC(O)=O)C(N[C@H](C(N[C@@H](CC(C)C)C(N[C@@H](CC(C)C)C(N[C@@H](CCC(O)=O)C(NCC(NCC(N1CCC[C@H]1C(N[C@@H](CO)C(N[C@@H](CCCCN)C(NCC(NCC(N2CCC[C@H]2C(N3CCC[C@H]3C(N4CCC[C@H]4C(N[C@@H](CO)C(O)=O)=O)=O)=O)=O)=O)=O)=O)=O)=O)=O)=O)=O)=O)=O)CC5=CNC6=C5C=CC=C6)=O)=O)([C@@H](C)CC)[H])=O)CC7=CC=CC=C7)=O)=O)C)=O)C)=O)C)=O)=O)=O)CC(O)=O)=O)=O)=O)([C@@H](C)CC)[H])=O)=O)CC8=CC=C(C=C8)O)=O)CC(O)=O)=O)=O)([C@H](O)C)[H])=O)CC9=CC=C(C=C9)O)=O)([C@H](O)C)[H])=O)=O)=O)C)=O)CC%10=CC=C(O)C=C%10,33,Y--Aib--Q--G--T--Y--T--S--D--Y--S--I--L--L--D--K--Q--A--A--Aib--R--F--I--E--W--L--L--E--G--G--P--S--K--G--G--P--P--P--S,"['N[C@@H](Cc1ccc(O)cc1)C(=O)O', 'NC(C)(C)C(=O)O', 'N[C@@H](CCC(=O)N)C(=O)O', 'NCC(=O)O', 'N[C@@H]([C@@H](C)O)C(=O)O', 'N[C@@H](Cc1ccc(O)cc1)C(=O)O', 'N[C@@H]([C@@H](C)O)C(=O)O', 'N[C@@H](CO)C(=O)O', 'N[C@@H](CC(=O)O)C(=O)O', 'N[C@@H](Cc1ccc(O)cc1)C(=O)O', 'N[C@@H](CO)C(=O)O', 'N[C@@H]([C@H](CC)C)C(=O)O', 'N[C@@H](CC(C)C)C(=O)O', 'N[C@@H](CC(C)C)C(=O)O', 'N[C@@H](CC(=O)O)C(=O)O', 'N[C@@H](CCCCN)C(=O)O', 'N[C@@H](CCC(=O)N)C(=O)O', 'N[C@@H](C)C(=O)O', 'N[C@@H](C)C(=O)O', 'NC(C)(C)C(=O)O', 'N[C@@H](CCCNC(=N)N)C(=O)O', 'N[C@@H](Cc1ccccc1)C(=O)O', 'N[C@@H]([C@H](CC)C)C(=O)O', 'N[C@@H](CCC(=O)O)C(=O)O', 'N[C@@H](Cc1c[nH]c2ccccc12)C(=O)O', 'N[C@@H](CC(C)C)C(=O)O', 'N[C@@H](CC(C)C)C(=O)O', 'N[C@@H](CCC(=O)O)C(=O)O', 'NCC(=O)O', 'NCC(=O)O', 'N1[C@@H](CCC1)C(=O)O', 'N[C@@H](CO)C(=O)O', 'N[C@@H](CCCCN)C(=O)O', 'NCC(=O)O', 'NCC(=O)O', 'N1[C@@H](CCC1)C(=O)O', 'N1[C@@H](CCC1)C(=O)O', 'N1[C@@H](CCC1)C(=O)O', 'N[C@@H](CO)C(=O)O']",39,"['Y', 'Aib', 'Q', 'G', 'T', 'Y', 'T', 'S', 'D', 'Y', 'S', 'I', 'L', 'L', 'D', 'K', 'Q', 'A', 'A', 'Aib', 'R', 'F', 'I', 'E', 'W', 'L', 'L', 'E', 'G', 'G', 'P', 'S', 'K*', 'G', 'G', 'P', 'P', 'P', 'S']","['N[C@@H](Cc1ccc(O)cc1)C(=O)O', 'NC(C)(C)C(=O)O', 'N[C@@H](CCC(=O)N)C(=O)O', 'NCC(=O)O', 'N[C@@H]([C@@H](C)O)C(=O)O', 'N[C@@H](Cc1ccc(O)cc1)C(=O)O', 'N[C@@H]([C@@H](C)O)C(=O)O', 'N[C@@H](CO)C(=O)O', 'N[C@@H](CC(=O)O)C(=O)O', 'N[C@@H](Cc1ccc(O)cc1)C(=O)O', 'N[C@@H](CO)C(=O)O', 'N[C@@H]([C@H](CC)C)C(=O)O', 'N[C@@H](CC(C)C)C(=O)O', 'N[C@@H](CC(C)C)C(=O)O', 'N[C@@H](CC(=O)O)C(=O)O', 'N[C@@H](CCCCN)C(=O)O', 'N[C@@H](CCC(=O)N)C(=O)O', 'N[C@@H](C)C(=O)O', 'N[C@@H](C)C(=O)O', 'NC(C)(C)C(=O)O', 'N[C@@H](CCCNC(=N)N)C(=O)O', 'N[C@@H](Cc1ccccc1)C(=O)O', 'N[C@@H]([C@H](CC)C)C(=O)O', 'N[C@@H](CCC(=O)O)C(=O)O', 'N[C@@H](Cc1c[nH]c2ccccc12)C(=O)O', 'N[C@@H](CC(C)C)C(=O)O', 'N[C@@H](CC(C)C)C(=O)O', 'N[C@@H](CCC(=O)O)C(=O)O', 'NCC(=O)O', 'NCC(=O)O', 'N1[C@@H](CCC1)C(=O)O', 'N[C@@H](CO)C(=O)O', 'N[C@H](C(=O)O)CCCCNC(=O)COCCOCCNC(=O)CC[C@H](NC(=O)CCCCCCCCCCCCCCCCCCC(=O)O)C(=O)O', 'NCC(=O)O', 'NCC(=O)O', 'N1[C@@H](CCC1)C(=O)O', 'N1[C@@H](CCC1)C(=O)O', 'N1[C@@H](CCC1)C(=O)O', 'N[C@@H](CO)C(=O)O']",retatrutide_side,744.968,10.770296805681854,11.029727821010454,10.58542496751214,0.017,0.0093,0.026
Bit-05-S,49,[H]N[C@H](C(NC(C)(C(N[C@@H](CCC(N)=O)C(NCC(N[C@](C(N[C@H](C(N[C@](C(N[C@@H](CO)C(N[C@H](C(N[C@H](C(N[C@@H](CO)C(N[C@](C(N[C@@H](CC(C)C)C(N[C@@H](CC(C)C)C(N[C@H](C(N[C@@H](CCCCN)C(N[C@@H](CCC(N)=O)C(N[C@H](C(N[C@H](C(NC(C)(C(N[C@@H](CCCNC(N)=N)C(N[C@H](C(N[C@](C(N[C@@H](CCC(O)=O)C(N[C@H](C(N[C@@H](CC(C)C)C(N[C@@H](CC(C)C)C(N[C@@H](CCC(O)=O)C(NCC(NCC(N1CCC[C@H]1C(N[C@@H](CO)C(N[C@@H](CCCCN)C(NCC(NCC(N2CCC[C@H]2C(N3CCC[C@H]3C(N4CCC[C@H]4C(N[C@@H](CO)C(O)=O)=O)=O)=O)=O)=O)=O)=O)=O)=O)=O)=O)=O)=O)=O)CC5=CNC6=C5C=CC=C6)=O)=O)([C@@H](C)CC)[H])=O)CC7=CC=CC=C7)=O)=O)C)=O)C)=O)C)=O)=O)=O)CC(O)=O)=O)=O)=O)([C@@H](C)CC)[H])=O)=O)CC8=CC=C(C=C8)O)=O)CC(O)=O)=O)=O)([C@H](O)C)[H])=O)CC9=CC=C(C=C9)O)=O)([C@H](O)C)[H])=O)=O)=O)C)=O)CC%10=CC=C(O)C=C%10,33,Y--Aib--Q--G--T--Y--T--S--D--Y--S--I--L--L--D--K--Q--A--A--Aib--R--F--I--E--W--L--L--E--G--G--P--S--K--G--G--P--P--P--S,"['N[C@@H](Cc1ccc(O)cc1)C(=O)O', 'NC(C)(C)C(=O)O', 'N[C@@H](CCC(=O)N)C(=O)O', 'NCC(=O)O', 'N[C@@H]([C@@H](C)O)C(=O)O', 'N[C@@H](Cc1ccc(O)cc1)C(=O)O', 'N[C@@H]([C@@H](C)O)C(=O)O', 'N[C@@H](CO)C(=O)O', 'N[C@@H](CC(=O)O)C(=O)O', 'N[C@@H](Cc1ccc(O)cc1)C(=O)O', 'N[C@@H](CO)C(=O)O', 'N[C@@H]([C@H](CC)C)C(=O)O', 'N[C@@H](CC(C)C)C(=O)O', 'N[C@@H](CC(C)C)C(=O)O', 'N[C@@H](CC(=O)O)C(=O)O', 'N[C@@H](CCCCN)C(=O)O', 'N[C@@H](CCC(=O)N)C(=O)O', 'N[C@@H](C)C(=O)O', 'N[C@@H](C)C(=O)O', 'NC(C)(C)C(=O)O', 'N[C@@H](CCCNC(=N)N)C(=O)O', 'N[C@@H](Cc1ccccc1)C(=O)O', 'N[C@@H]([C@H](CC)C)C(=O)O', 'N[C@@H](CCC(=O)O)C(=O)O', 'N[C@@H](Cc1c[nH]c2ccccc12)C(=O)O', 'N[C@@H](CC(C)C)C(=O)O', 'N[C@@H](CC(C)C)C(=O)O', 'N[C@@H](CCC(=O)O)C(=O)O', 'NCC(=O)O', 'NCC(=O)O', 'N1[C@@H](CCC1)C(=O)O', 'N[C@@H](CO)C(=O)O', 'N[C@@H](CCCCN)C(=O)O', 'NCC(=O)O', 'NCC(=O)O', 'N1[C@@H](CCC1)C(=O)O', 'N1[C@@H](CCC1)C(=O)O', 'N1[C@@H](CCC1)C(=O)O', 'N[C@@H](CO)C(=O)O']",39,"['Y', 'Aib', 'Q', 'G', 'T', 'Y', 'T', 'S', 'D', 'Y', 'S', 'I', 'L', 'L', 'D', 'K', 'Q', 'A', 'A', 'Aib', 'R', 'F', 'I', 'E', 'W', 'L', 'L', 'E', 'G', 'G', 'P', 'S', 'K*', 'G', 'G', 'P', 'P', 'P', 'S']","['N[C@@H](Cc1ccc(O)cc1)C(=O)O', 'NC(C)(C)C(=O)O', 'N[C@@H](CCC(=O)N)C(=O)O', 'NCC(=O)O', 'N[C@@H]([C@@H](C)O)C(=O)O', 'N[C@@H](Cc1ccc(O)cc1)C(=O)O', 'N[C@@H]([C@@H](C)O)C(=O)O', 'N[C@@H](CO)C(=O)O', 'N[C@@H](CC(=O)O)C(=O)O', 'N[C@@H](Cc1ccc(O)cc1)C(=O)O', 'N[C@@H](CO)C(=O)O', 'N[C@@H]([C@H](CC)C)C(=O)O', 'N[C@@H](CC(C)C)C(=O)O', 'N[C@@H](CC(C)C)C(=O)O', 'N[C@@H](CC(=O)O)C(=O)O', 'N[C@@H](CCCCN)C(=O)O', 'N[C@@H](CCC(=O)N)C(=O)O', 'N[C@@H](C)C(=O)O', 'N[C@@H](C)C(=O)O', 'NC(C)(C)C(=O)O', 'N[C@@H](CCCNC(=N)N)C(=O)O', 'N[C@@H](Cc1ccccc1)C(=O)O', 'N[C@@H]([C@H](CC)C)C(=O)O', 'N[C@@H](CCC(=O)O)C(=O)O', 'N[C@@H](Cc1c[nH]c2ccccc12)C(=O)O', 'N[C@@H](CC(C)C)C(=O)O', 'N[C@@H](CC(C)C)C(=O)O', 'N[C@@H](CCC(=O)O)C(=O)O', 'NCC(=O)O', 'NCC(=O)O', 'N1[C@@H](CCC1)C(=O)O', 'N[C@@H](CO)C(=O)O', 'N[C@H](C(=O)O)CCCCNC(=O)COCCOCCNC(=O)COCCOCCNC(=O)CC[C@@H](NC(=O)CCCCCCCCCCCCCCCCC(=O)O)C(=O)O', 'NCC(=O)O', 'NCC(=O)O', 'N1[C@@H](CCC1)C(=O)O', 'N1[C@@H](CCC1)C(=O)O', 'N1[C@@H](CCC1)C(=O)O', 'N[C@@H](CO)C(=O)O']",semaglutide_side,862.0141,10.724064285135366,10.742576880472859,10.222518450539997,0.0189,0.0181,0.0599
Bit-05-T,49,[H]N[C@H](C(NC(C)(C(N[C@@H](CCC(N)=O)C(NCC(N[C@](C(N[C@H](C(N[C@](C(N[C@@H](CO)C(N[C@H](C(N[C@H](C(N[C@@H](CO)C(N[C@](C(N[C@@H](CC(C)C)C(N[C@@H](CC(C)C)C(N[C@H](C(N[C@@H](CCCCN)C(N[C@@H](CCC(N)=O)C(N[C@H](C(N[C@H](C(NC(C)(C(N[C@@H](CCCNC(N)=N)C(N[C@H](C(N[C@](C(N[C@@H](CCC(O)=O)C(N[C@H](C(N[C@@H](CC(C)C)C(N[C@@H](CC(C)C)C(N[C@@H](CCC(O)=O)C(NCC(NCC(N1CCC[C@H]1C(N[C@@H](CO)C(N[C@@H](CCCCN)C(NCC(NCC(N2CCC[C@H]2C(N3CCC[C@H]3C(N4CCC[C@H]4C(N[C@@H](CO)C(O)=O)=O)=O)=O)=O)=O)=O)=O)=O)=O)=O)=O)=O)=O)=O)CC5=CNC6=C5C=CC=C6)=O)=O)([C@@H](C)CC)[H])=O)CC7=CC=CC=C7)=O)=O)C)=O)C)=O)C)=O)=O)=O)CC(O)=O)=O)=O)=O)([C@@H](C)CC)[H])=O)=O)CC8=CC=C(C=C8)O)=O)CC(O)=O)=O)=O)([C@H](O)C)[H])=O)CC9=CC=C(C=C9)O)=O)([C@H](O)C)[H])=O)=O)=O)C)=O)CC%10=CC=C(O)C=C%10,33,Y--Aib--Q--G--T--Y--T--S--D--Y--S--I--L--L--D--K--Q--A--A--Aib--R--F--I--E--W--L--L--E--G--G--P--S--K--G--G--P--P--P--S,"['N[C@@H](Cc1ccc(O)cc1)C(=O)O', 'NC(C)(C)C(=O)O', 'N[C@@H](CCC(=O)N)C(=O)O', 'NCC(=O)O', 'N[C@@H]([C@@H](C)O)C(=O)O', 'N[C@@H](Cc1ccc(O)cc1)C(=O)O', 'N[C@@H]([C@@H](C)O)C(=O)O', 'N[C@@H](CO)C(=O)O', 'N[C@@H](CC(=O)O)C(=O)O', 'N[C@@H](Cc1ccc(O)cc1)C(=O)O', 'N[C@@H](CO)C(=O)O', 'N[C@@H]([C@H](CC)C)C(=O)O', 'N[C@@H](CC(C)C)C(=O)O', 'N[C@@H](CC(C)C)C(=O)O', 'N[C@@H](CC(=O)O)C(=O)O', 'N[C@@H](CCCCN)C(=O)O', 'N[C@@H](CCC(=O)N)C(=O)O', 'N[C@@H](C)C(=O)O', 'N[C@@H](C)C(=O)O', 'NC(C)(C)C(=O)O', 'N[C@@H](CCCNC(=N)N)C(=O)O', 'N[C@@H](Cc1ccccc1)C(=O)O', 'N[C@@H]([C@H](CC)C)C(=O)O', 'N[C@@H](CCC(=O)O)C(=O)O', 'N[C@@H](Cc1c[nH]c2ccccc12)C(=O)O', 'N[C@@H](CC(C)C)C(=O)O', 'N[C@@H](CC(C)C)C(=O)O', 'N[C@@H](CCC(=O)O)C(=O)O', 'NCC(=O)O', 'NCC(=O)O', 'N1[C@@H](CCC1)C(=O)O', 'N[C@@H](CO)C(=O)O', 'N[C@@H](CCCCN)C(=O)O', 'NCC(=O)O', 'NCC(=O)O', 'N1[C@@H](CCC1)C(=O)O', 'N1[C@@H](CCC1)C(=O)O', 'N1[C@@H](CCC1)C(=O)O', 'N[C@@H](CO)C(=O)O']",39,"['Y', 'Aib', 'Q', 'G', 'T', 'Y', 'T', 'S', 'D', 'Y', 'S', 'I', 'L', 'L', 'D', 'K', 'Q', 'A', 'A', 'Aib', 'R', 'F', 'I', 'E', 'W', 'L', 'L', 'E', 'G', 'G', 'P', 'S', 'K*', 'G', 'G', 'P', 'P', 'P', 'S']","['N[C@@H](Cc1ccc(O)cc1)C(=O)O', 'NC(C)(C)C(=O)O', 'N[C@@H](CCC(=O)N)C(=O)O', 'NCC(=O)O', 'N[C@@H]([C@@H](C)O)C(=O)O', 'N[C@@H](Cc1ccc(O)cc1)C(=O)O', 'N[C@@H]([C@@H](C)O)C(=O)O', 'N[C@@H](CO)C(=O)O', 'N[C@@H](CC(=O)O)C(=O)O', 'N[C@@H](Cc1ccc(O)cc1)C(=O)O', 'N[C@@H](CO)C(=O)O', 'N[C@@H]([C@H](CC)C)C(=O)O', 'N[C@@H](CC(C)C)C(=O)O', 'N[C@@H](CC(C)C)C(=O)O', 'N[C@@H](CC(=O)O)C(=O)O', 'N[C@@H](CCCCN)C(=O)O', 'N[C@@H](CCC(=O)N)C(=O)O', 'N[C@@H](C)C(=O)O', 'N[C@@H](C)C(=O)O', 'NC(C)(C)C(=O)O', 'N[C@@H](CCCNC(=N)N)C(=O)O', 'N[C@@H](Cc1ccccc1)C(=O)O', 'N[C@@H]([C@H](CC)C)C(=O)O', 'N[C@@H](CCC(=O)O)C(=O)O', 'N[C@@H](Cc1c[nH]c2ccccc12)C(=O)O', 'N[C@@H](CC(C)C)C(=O)O', 'N[C@@H](CC(C)C)C(=O)O', 'N[C@@H](CCC(=O)O)C(=O)O', 'NCC(=O)O', 'NCC(=O)O', 'N1[C@@H](CCC1)C(=O)O', 'N[C@@H](CO)C(=O)O', 'N[C@H](C(=O)O)CCCCNC(=O)COCCOCCNC(=O)COCCOCCNC(=O)CC[C@H](NC(=O)CCCCCCCCCCCCCCCCCCC(=O)O)C(=O)O', 'NCC(=O)O', 'NCC(=O)O', 'N1[C@@H](CCC1)C(=O)O', 'N1[C@@H](CCC1)C(=O)O', 'N1[C@@H](CCC1)C(=O)O', 'N[C@@H](CO)C(=O)O']",tirzepatide_side,890.126,10.737808535227954,10.83584668911451,10.33364928495754,0.0183,0.0146,0.0464
Bit-08-R,128,N[C@@H](Cc1ccc(O)cc1)C(=O)NC(C)(C)C(=O)N[C@@H](CCC(=O)O)C(=O)NCC(=O)N[C@@H]([C@@H](C)O)C(=O)N[C@@H](Cc1ccccc1)C(=O)N[C@@H]([C@@H](C)O)C(=O)N[C@@H](CO)C(=O)N[C@@H](CC(=O)O)C(=O)N[C@@H](Cc1ccc(O)cc1)C(=O)N[C@@H](CO)C(=O)N[C@@H]([C@H](CC)C)C(=O)N[C@@H](CC(C)C)C(=O)N[C@@H](CC(C)C)C(=O)N[C@@H](CC(=O)O)C(=O)N[C@@H](CCC(=O)O)C(=O)N[C@@H](CCC(=O)N)C(=O)N[C@@H](C)C(=O)N[C@@H](C)C(=O)N[C@@H](C)C(=O)N[C@@H](CCCCN)C(=O)N[C@@H](Cc1ccccc1)C(=O)N[C@@H]([C@H](CC)C)C(=O)N[C@@H](CCC(=O)O)C(=O)N[C@@H](Cc1c[nH]c2ccccc12)C(=O)N[C@@H](CC(C)C)C(=O)N[C@@H](CC(C)C)C(=O)N[C@@H](CCC(=O)O)C(=O)N[C@@H](C)C(=O)NCC(=O)N1[C@@H](CCC1)C(=O)N[C@@H](CO)C(=O)N[C@@H](CO)C(=O)NCC(=O)NCC(=O)N1[C@@H](CCC1)C(=O)N1[C@@H](CCC1)C(=O)N1[C@@H](CCC1)C(=O)N[C@@H](CO)C(=O)O,21,Y--Aib--E--G--T--F--T--S--D--Y--S--I--L--L--D--E--Q--A--A--A--K--F--I--E--W--L--L--E--A--G--P--S--S--G--G--P--P--P--S,"['N[C@@H](Cc1ccc(O)cc1)C(=O)O', 'NC(C)(C)C(=O)O', 'N[C@@H](CCC(=O)O)C(=O)O', 'NCC(=O)O', 'N[C@@H]([C@@H](C)O)C(=O)O', 'N[C@@H](Cc1ccccc1)C(=O)O', 'N[C@@H]([C@@H](C)O)C(=O)O', 'N[C@@H](CO)C(=O)O', 'N[C@@H](CC(=O)O)C(=O)O', 'N[C@@H](Cc1ccc(O)cc1)C(=O)O', 'N[C@@H](CO)C(=O)O', 'N[C@@H]([C@H](CC)C)C(=O)O', 'N[C@@H](CC(C)C)C(=O)O', 'N[C@@H](CC(C)C)C(=O)O', 'N[C@@H](CC(=O)O)C(=O)O', 'N[C@@H](CCC(=O)O)C(=O)O', 'N[C@@H](CCC(=O)N)C(=O)O', 'N[C@@H](C)C(=O)O', 'N[C@@H](C)C(=O)O', 'N[C@@H](C)C(=O)O', 'N[C@@H](CCCCN)C(=O)O', 'N[C@@H](Cc1ccccc1)C(=O)O', 'N[C@@H]([C@H](CC)C)C(=O)O', 'N[C@@H](CCC(=O)O)C(=O)O', 'N[C@@H](Cc1c[nH]c2ccccc12)C(=O)O', 'N[C@@H](CC(C)C)C(=O)O', 'N[C@@H](CC(C)C)C(=O)O', 'N[C@@H](CCC(=O)O)C(=O)O', 'N[C@@H](C)C(=O)O', 'NCC(=O)O', 'N1[C@@H](CCC1)C(=O)O', 'N[C@@H](CO)C(=O)O', 'N[C@@H](CO)C(=O)O', 'NCC(=O)O', 'NCC(=O)O', 'N1[C@@H](CCC1)C(=O)O', 'N1[C@@H](CCC1)C(=O)O', 'N1[C@@H](CCC1)C(=O)O', 'N[C@@H](CO)C(=O)O']",39,"['Y', 'Aib', 'E', 'G', 'T', 'F', 'T', 'S', 'D', 'Y', 'S', 'I', 'L', 'L', 'D', 'E', 'Q', 'A', 'A', 'A', 'K*', 'F', 'I', 'E', 'W', 'L', 'L', 'E', 'A', 'G', 'P', 'S', 'S', 'G', 'G', 'P', 'P', 'P', 'S']","['N[C@@H](Cc1ccc(O)cc1)C(=O)O', 'NC(C)(C)C(=O)O', 'N[C@@H](CCC(=O)O)C(=O)O', 'NCC(=O)O', 'N[C@@H]([C@@H](C)O)C(=O)O', 'N[C@@H](Cc1ccccc1)C(=O)O', 'N[C@@H]([C@@H](C)O)C(=O)O', 'N[C@@H](CO)C(=O)O', 'N[C@@H](CC(=O)O)C(=O)O', 'N[C@@H](Cc1ccc(O)cc1)C(=O)O', 'N[C@@H](CO)C(=O)O', 'N[C@@H]([C@H](CC)C)C(=O)O', 'N[C@@H](CC(C)C)C(=O)O', 'N[C@@H](CC(C)C)C(=O)O', 'N[C@@H](CC(=O)O)C(=O)O', 'N[C@@H](CCC(=O)O)C(=O)O', 'N[C@@H](CCC(=O)N)C(=O)O', 'N[C@@H](C)C(=O)O', 'N[C@@H](C)C(=O)O', 'N[C@@H](C)C(=O)O', 'N[C@H](C(=O)O)CCCCNC(=O)COCCOCCNC(=O)CC[C@H](NC(=O)CCCCCCCCCCCCCCCCCCC(=O)O)C(=O)O', 'N[C@@H](Cc1ccccc1)C(=O)O', 'N[C@@H]([C@H](CC)C)C(=O)O', 'N[C@@H](CCC(=O)O)C(=O)O', 'N[C@@H](Cc1c[nH]c2ccccc12)C(=O)O', 'N[C@@H](CC(C)C)C(=O)O', 'N[C@@H](CC(C)C)C(=O)O', 'N[C@@H](CCC(=O)O)C(=O)O', 'N[C@@H](C)C(=O)O', 'NCC(=O)O', 'N1[C@@H](CCC1)C(=O)O', 'N[C@@H](CO)C(=O)O', 'N[C@@H](CO)C(=O)O', 'NCC(=O)O', 'NCC(=O)O', 'N1[C@@H](CCC1)C(=O)O', 'N1[C@@H](CCC1)C(=O)O', 'N1[C@@H](CCC1)C(=O)O', 'N[C@@H](CO)C(=O)O']",retatrutide_side,744.968,11.1080897051479,10.443400689289186,6.894526132497704,0.0078,0.036,127.4893
Bit-08-S,128,N[C@@H](Cc1ccc(O)cc1)C(=O)NC(C)(C)C(=O)N[C@@H](CCC(=O)O)C(=O)NCC(=O)N[C@@H]([C@@H](C)O)C(=O)N[C@@H](Cc1ccccc1)C(=O)N[C@@H]([C@@H](C)O)C(=O)N[C@@H](CO)C(=O)N[C@@H](CC(=O)O)C(=O)N[C@@H](Cc1ccc(O)cc1)C(=O)N[C@@H](CO)C(=O)N[C@@H]([C@H](CC)C)C(=O)N[C@@H](CC(C)C)C(=O)N[C@@H](CC(C)C)C(=O)N[C@@H](CC(=O)O)C(=O)N[C@@H](CCC(=O)O)C(=O)N[C@@H](CCC(=O)N)C(=O)N[C@@H](C)C(=O)N[C@@H](C)C(=O)N[C@@H](C)C(=O)N[C@@H](CCCCN)C(=O)N[C@@H](Cc1ccccc1)C(=O)N[C@@H]([C@H](CC)C)C(=O)N[C@@H](CCC(=O)O)C(=O)N[C@@H](Cc1c[nH]c2ccccc12)C(=O)N[C@@H](CC(C)C)C(=O)N[C@@H](CC(C)C)C(=O)N[C@@H](CCC(=O)O)C(=O)N[C@@H](C)C(=O)NCC(=O)N1[C@@H](CCC1)C(=O)N[C@@H](CO)C(=O)N[C@@H](CO)C(=O)NCC(=O)NCC(=O)N1[C@@H](CCC1)C(=O)N1[C@@H](CCC1)C(=O)N1[C@@H](CCC1)C(=O)N[C@@H](CO)C(=O)O,21,Y--Aib--E--G--T--F--T--S--D--Y--S--I--L--L--D--E--Q--A--A--A--K--F--I--E--W--L--L--E--A--G--P--S--S--G--G--P--P--P--S,"['N[C@@H](Cc1ccc(O)cc1)C(=O)O', 'NC(C)(C)C(=O)O', 'N[C@@H](CCC(=O)O)C(=O)O', 'NCC(=O)O', 'N[C@@H]([C@@H](C)O)C(=O)O', 'N[C@@H](Cc1ccccc1)C(=O)O', 'N[C@@H]([C@@H](C)O)C(=O)O', 'N[C@@H](CO)C(=O)O', 'N[C@@H](CC(=O)O)C(=O)O', 'N[C@@H](Cc1ccc(O)cc1)C(=O)O', 'N[C@@H](CO)C(=O)O', 'N[C@@H]([C@H](CC)C)C(=O)O', 'N[C@@H](CC(C)C)C(=O)O', 'N[C@@H](CC(C)C)C(=O)O', 'N[C@@H](CC(=O)O)C(=O)O', 'N[C@@H](CCC(=O)O)C(=O)O', 'N[C@@H](CCC(=O)N)C(=O)O', 'N[C@@H](C)C(=O)O', 'N[C@@H](C)C(=O)O', 'N[C@@H](C)C(=O)O', 'N[C@@H](CCCCN)C(=O)O', 'N[C@@H](Cc1ccccc1)C(=O)O', 'N[C@@H]([C@H](CC)C)C(=O)O', 'N[C@@H](CCC(=O)O)C(=O)O', 'N[C@@H](Cc1c[nH]c2ccccc12)C(=O)O', 'N[C@@H](CC(C)C)C(=O)O', 'N[C@@H](CC(C)C)C(=O)O', 'N[C@@H](CCC(=O)O)C(=O)O', 'N[C@@H](C)C(=O)O', 'NCC(=O)O', 'N1[C@@H](CCC1)C(=O)O', 'N[C@@H](CO)C(=O)O', 'N[C@@H](CO)C(=O)O', 'NCC(=O)O', 'NCC(=O)O', 'N1[C@@H](CCC1)C(=O)O', 'N1[C@@H](CCC1)C(=O)O', 'N1[C@@H](CCC1)C(=O)O', 'N[C@@H](CO)C(=O)O']",39,"['Y', 'Aib', 'E', 'G', 'T', 'F', 'T', 'S', 'D', 'Y', 'S', 'I', 'L', 'L', 'D', 'E', 'Q', 'A', 'A', 'A', 'K*', 'F', 'I', 'E', 'W', 'L', 'L', 'E', 'A', 'G', 'P', 'S', 'S', 'G', 'G', 'P', 'P', 'P', 'S']","['N[C@@H](Cc1ccc(O)cc1)C(=O)O', 'NC(C)(C)C(=O)O', 'N[C@@H](CCC(=O)O)C(=O)O', 'NCC(=O)O', 'N[C@@H]([C@@H](C)O)C(=O)O', 'N[C@@H](Cc1ccccc1)C(=O)O', 'N[C@@H]([C@@H](C)O)C(=O)O', 'N[C@@H](CO)C(=O)O', 'N[C@@H](CC(=O)O)C(=O)O', 'N[C@@H](Cc1ccc(O)cc1)C(=O)O', 'N[C@@H](CO)C(=O)O', 'N[C@@H]([C@H](CC)C)C(=O)O', 'N[C@@H](CC(C)C)C(=O)O', 'N[C@@H](CC(C)C)C(=O)O', 'N[C@@H](CC(=O)O)C(=O)O', 'N[C@@H](CCC(=O)O)C(=O)O', 'N[C@@H](CCC(=O)N)C(=O)O', 'N[C@@H](C)C(=O)O', 'N[C@@H](C)C(=O)O', 'N[C@@H](C)C(=O)O', 'N[C@H](C(=O)O)CCCCNC(=O)COCCOCCNC(=O)COCCOCCNC(=O)CC[C@@H](NC(=O)CCCCCCCCCCCCCCCCC(=O)O)C(=O)O', 'N[C@@H](Cc1ccccc1)C(=O)O', 'N[C@@H]([C@H](CC)C)C(=O)O', 'N[C@@H](CCC(=O)O)C(=O)O', 'N[C@@H](Cc1c[nH]c2ccccc12)C(=O)O', 'N[C@@H](CC(C)C)C(=O)O', 'N[C@@H](CC(C)C)C(=O)O', 'N[C@@H](CCC(=O)O)C(=O)O', 'N[C@@H](C)C(=O)O', 'NCC(=O)O', 'N1[C@@H](CCC1)C(=O)O', 'N[C@@H](CO)C(=O)O', 'N[C@@H](CO)C(=O)O', 'NCC(=O)O', 'NCC(=O)O', 'N1[C@@H](CCC1)C(=O)O', 'N1[C@@H](CCC1)C(=O)O', 'N1[C@@H](CCC1)C(=O)O', 'N[C@@H](CO)C(=O)O']",semaglutide_side,862.0141,10.912087298667618,10.15608750447696,6.68013129516983,0.0122,0.0698,208.8665
Bit-08-T,128,N[C@@H](Cc1ccc(O)cc1)C(=O)NC(C)(C)C(=O)N[C@@H](CCC(=O)O)C(=O)NCC(=O)N[C@@H]([C@@H](C)O)C(=O)N[C@@H](Cc1ccccc1)C(=O)N[C@@H]([C@@H](C)O)C(=O)N[C@@H](CO)C(=O)N[C@@H](CC(=O)O)C(=O)N[C@@H](Cc1ccc(O)cc1)C(=O)N[C@@H](CO)C(=O)N[C@@H]([C@H](CC)C)C(=O)N[C@@H](CC(C)C)C(=O)N[C@@H](CC(C)C)C(=O)N[C@@H](CC(=O)O)C(=O)N[C@@H](CCC(=O)O)C(=O)N[C@@H](CCC(=O)N)C(=O)N[C@@H](C)C(=O)N[C@@H](C)C(=O)N[C@@H](C)C(=O)N[C@@H](CCCCN)C(=O)N[C@@H](Cc1ccccc1)C(=O)N[C@@H]([C@H](CC)C)C(=O)N[C@@H](CCC(=O)O)C(=O)N[C@@H](Cc1c[nH]c2ccccc12)C(=O)N[C@@H](CC(C)C)C(=O)N[C@@H](CC(C)C)C(=O)N[C@@H](CCC(=O)O)C(=O)N[C@@H](C)C(=O)NCC(=O)N1[C@@H](CCC1)C(=O)N[C@@H](CO)C(=O)N[C@@H](CO)C(=O)NCC(=O)NCC(=O)N1[C@@H](CCC1)C(=O)N1[C@@H](CCC1)C(=O)N1[C@@H](CCC1)C(=O)N[C@@H](CO)C(=O)O,21,Y--Aib--E--G--T--F--T--S--D--Y--S--I--L--L--D--E--Q--A--A--A--K--F--I--E--W--L--L--E--A--G--P--S--S--G--G--P--P--P--S,"['N[C@@H](Cc1ccc(O)cc1)C(=O)O', 'NC(C)(C)C(=O)O', 'N[C@@H](CCC(=O)O)C(=O)O', 'NCC(=O)O', 'N[C@@H]([C@@H](C)O)C(=O)O', 'N[C@@H](Cc1ccccc1)C(=O)O', 'N[C@@H]([C@@H](C)O)C(=O)O', 'N[C@@H](CO)C(=O)O', 'N[C@@H](CC(=O)O)C(=O)O', 'N[C@@H](Cc1ccc(O)cc1)C(=O)O', 'N[C@@H](CO)C(=O)O', 'N[C@@H]([C@H](CC)C)C(=O)O', 'N[C@@H](CC(C)C)C(=O)O', 'N[C@@H](CC(C)C)C(=O)O', 'N[C@@H](CC(=O)O)C(=O)O', 'N[C@@H](CCC(=O)O)C(=O)O', 'N[C@@H](CCC(=O)N)C(=O)O', 'N[C@@H](C)C(=O)O', 'N[C@@H](C)C(=O)O', 'N[C@@H](C)C(=O)O', 'N[C@@H](CCCCN)C(=O)O', 'N[C@@H](Cc1ccccc1)C(=O)O', 'N[C@@H]([C@H](CC)C)C(=O)O', 'N[C@@H](CCC(=O)O)C(=O)O', 'N[C@@H](Cc1c[nH]c2ccccc12)C(=O)O', 'N[C@@H](CC(C)C)C(=O)O', 'N[C@@H](CC(C)C)C(=O)O', 'N[C@@H](CCC(=O)O)C(=O)O', 'N[C@@H](C)C(=O)O', 'NCC(=O)O', 'N1[C@@H](CCC1)C(=O)O', 'N[C@@H](CO)C(=O)O', 'N[C@@H](CO)C(=O)O', 'NCC(=O)O', 'NCC(=O)O', 'N1[C@@H](CCC1)C(=O)O', 'N1[C@@H](CCC1)C(=O)O', 'N1[C@@H](CCC1)C(=O)O', 'N[C@@H](CO)C(=O)O']",39,"['Y', 'Aib', 'E', 'G', 'T', 'F', 'T', 'S', 'D', 'Y', 'S', 'I', 'L', 'L', 'D', 'E', 'Q', 'A', 'A', 'A', 'K*', 'F', 'I', 'E', 'W', 'L', 'L', 'E', 'A', 'G', 'P', 'S', 'S', 'G', 'G', 'P', 'P', 'P', 'S']","['N[C@@H](Cc1ccc(O)cc1)C(=O)O', 'NC(C)(C)C(=O)O', 'N[C@@H](CCC(=O)O)C(=O)O', 'NCC(=O)O', 'N[C@@H]([C@@H](C)O)C(=O)O', 'N[C@@H](Cc1ccccc1)C(=O)O', 'N[C@@H]([C@@H](C)O)C(=O)O', 'N[C@@H](CO)C(=O)O', 'N[C@@H](CC(=O)O)C(=O)O', 'N[C@@H](Cc1ccc(O)cc1)C(=O)O', 'N[C@@H](CO)C(=O)O', 'N[C@@H]([C@H](CC)C)C(=O)O', 'N[C@@H](CC(C)C)C(=O)O', 'N[C@@H](CC(C)C)C(=O)O', 'N[C@@H](CC(=O)O)C(=O)O', 'N[C@@H](CCC(=O)O)C(=O)O', 'N[C@@H](CCC(=O)N)C(=O)O', 'N[C@@H](C)C(=O)O', 'N[C@@H](C)C(=O)O', 'N[C@@H](C)C(=O)O', 'N[C@H](C(=O)O)CCCCNC(=O)COCCOCCNC(=O)COCCOCCNC(=O)CC[C@H](NC(=O)CCCCCCCCCCCCCCCCCCC(=O)O)C(=O)O', 'N[C@@H](Cc1ccccc1)C(=O)O', 'N[C@@H]([C@H](CC)C)C(=O)O', 'N[C@@H](CCC(=O)O)C(=O)O', 'N[C@@H](Cc1c[nH]c2ccccc12)C(=O)O', 'N[C@@H](CC(C)C)C(=O)O', 'N[C@@H](CC(C)C)C(=O)O', 'N[C@@H](CCC(=O)O)C(=O)O', 'N[C@@H](C)C(=O)O', 'NCC(=O)O', 'N1[C@@H](CCC1)C(=O)O', 'N[C@@H](CO)C(=O)O', 'N[C@@H](CO)C(=O)O', 'NCC(=O)O', 'NCC(=O)O', 'N1[C@@H](CCC1)C(=O)O', 'N1[C@@H](CCC1)C(=O)O', 'N1[C@@H](CCC1)C(=O)O', 'N[C@@H](CO)C(=O)O']",tirzepatide_side,890.126,10.96149803610896,10.169494626095627,6.755590487474973,0.0109,0.0677,175.5535
Bit-10-R,141,N[C@@H](Cc1ccc(O)cc1)C(=O)NC(C)(C)C(=O)N[C@@H](CCC(=O)N)C(=O)NCC(=O)N[C@@H]([C@@H](C)O)C(=O)N[C@@H](Cc1ccccc1)C(=O)N[C@@H]([C@@H](C)O)C(=O)N[C@@H](CO)C(=O)N[C@@H](CC(=O)O)C(=O)N[C@@H](Cc1ccc(O)cc1)C(=O)N[C@@H](CO)C(=O)N[C@@H]([C@H](CC)C)C(=O)N[C@@H](CC(C)C)C(=O)N[C@@H](CC(C)C)C(=O)N[C@@H](CC(=O)O)C(=O)N[C@@H](CCCCN)C(=O)N[C@@H]([C@H](CC)C)C(=O)N[C@@H](C)C(=O)N[C@@H](C)C(=O)N[C@@H](CCC(=O)N)C(=O)N[C@@H](C)C(=O)N[C@@H](Cc1ccccc1)C(=O)N[C@@H]([C@H](CC)C)C(=O)N[C@@H](CCC(=O)O)C(=O)N[C@@H](Cc1ccc(O)cc1)C(=O)N[C@@H](CC(C)C)C(=O)N[C@@H](CC(C)C)C(=O)N[C@@H](CCC(=O)O)C(=O)NCC(=O)NCC(=O)N1[C@@H](CCC1)C(=O)N[C@@H](CO)C(=O)N[C@@H](CCCCN)C(=O)NCC(=O)N[C@@H](C)C(=O)N1[C@@H](CCC1)C(=O)N1[C@@H](CCC1)C(=O)N1[C@@H](CCC1)C(=O)N[C@@H](CO)C(=O)O,33,Y--Aib--Q--G--T--F--T--S--D--Y--S--I--L--L--D--K--I--A--A--Q--A--F--I--E--Y--L--L--E--G--G--P--S--K--G--A--P--P--P--S,"['N[C@@H](Cc1ccc(O)cc1)C(=O)O', 'NC(C)(C)C(=O)O', 'N[C@@H](CCC(=O)N)C(=O)O', 'NCC(=O)O', 'N[C@@H]([C@@H](C)O)C(=O)O', 'N[C@@H](Cc1ccccc1)C(=O)O', 'N[C@@H]([C@@H](C)O)C(=O)O', 'N[C@@H](CO)C(=O)O', 'N[C@@H](CC(=O)O)C(=O)O', 'N[C@@H](Cc1ccc(O)cc1)C(=O)O', 'N[C@@H](CO)C(=O)O', 'N[C@@H]([C@H](CC)C)C(=O)O', 'N[C@@H](CC(C)C)C(=O)O', 'N[C@@H](CC(C)C)C(=O)O', 'N[C@@H](CC(=O)O)C(=O)O', 'N[C@@H](CCCCN)C(=O)O', 'N[C@@H]([C@H](CC)C)C(=O)O', 'N[C@@H](C)C(=O)O', 'N[C@@H](C)C(=O)O', 'N[C@@H](CCC(=O)N)C(=O)O', 'N[C@@H](C)C(=O)O', 'N[C@@H](Cc1ccccc1)C(=O)O', 'N[C@@H]([C@H](CC)C)C(=O)O', 'N[C@@H](CCC(=O)O)C(=O)O', 'N[C@@H](Cc1ccc(O)cc1)C(=O)O', 'N[C@@H](CC(C)C)C(=O)O', 'N[C@@H](CC(C)C)C(=O)O', 'N[C@@H](CCC(=O)O)C(=O)O', 'NCC(=O)O', 'NCC(=O)O', 'N1[C@@H](CCC1)C(=O)O', 'N[C@@H](CO)C(=O)O', 'N[C@@H](CCCCN)C(=O)O', 'NCC(=O)O', 'N[C@@H](C)C(=O)O', 'N1[C@@H](CCC1)C(=O)O', 'N1[C@@H](CCC1)C(=O)O', 'N1[C@@H](CCC1)C(=O)O', 'N[C@@H](CO)C(=O)O']",39,"['Y', 'Aib', 'Q', 'G', 'T', 'F', 'T', 'S', 'D', 'Y', 'S', 'I', 'L', 'L', 'D', 'K', 'I', 'A', 'A', 'Q', 'A', 'F', 'I', 'E', 'Y', 'L', 'L', 'E', 'G', 'G', 'P', 'S', 'K*', 'G', 'A', 'P', 'P', 'P', 'S']","['N[C@@H](Cc1ccc(O)cc1)C(=O)O', 'NC(C)(C)C(=O)O', 'N[C@@H](CCC(=O)N)C(=O)O', 'NCC(=O)O', 'N[C@@H]([C@@H](C)O)C(=O)O', 'N[C@@H](Cc1ccccc1)C(=O)O', 'N[C@@H]([C@@H](C)O)C(=O)O', 'N[C@@H](CO)C(=O)O', 'N[C@@H](CC(=O)O)C(=O)O', 'N[C@@H](Cc1ccc(O)cc1)C(=O)O', 'N[C@@H](CO)C(=O)O', 'N[C@@H]([C@H](CC)C)C(=O)O', 'N[C@@H](CC(C)C)C(=O)O', 'N[C@@H](CC(C)C)C(=O)O', 'N[C@@H](CC(=O)O)C(=O)O', 'N[C@@H](CCCCN)C(=O)O', 'N[C@@H]([C@H](CC)C)C(=O)O', 'N[C@@H](C)C(=O)O', 'N[C@@H](C)C(=O)O', 'N[C@@H](CCC(=O)N)C(=O)O', 'N[C@@H](C)C(=O)O', 'N[C@@H](Cc1ccccc1)C(=O)O', 'N[C@@H]([C@H](CC)C)C(=O)O', 'N[C@@H](CCC(=O)O)C(=O)O', 'N[C@@H](Cc1ccc(O)cc1)C(=O)O', 'N[C@@H](CC(C)C)C(=O)O', 'N[C@@H](CC(C)C)C(=O)O', 'N[C@@H](CCC(=O)O)C(=O)O', 'NCC(=O)O', 'NCC(=O)O', 'N1[C@@H](CCC1)C(=O)O', 'N[C@@H](CO)C(=O)O', 'N[C@H](C(=O)O)CCCCNC(=O)COCCOCCNC(=O)CC[C@H](NC(=O)CCCCCCCCCCCCCCCCCCC(=O)O)C(=O)O', 'NCC(=O)O', 'N[C@@H](C)C(=O)O', 'N1[C@@H](CCC1)C(=O)O', 'N1[C@@H](CCC1)C(=O)O', 'N1[C@@H](CCC1)C(=O)O', 'N[C@@H](CO)C(=O)O']",retatrutide_side,744.968,10.518542785108611,10.125870866831582,9.613046180711592,0.0303,0.0748,0.2438
Bit-10-S,141,N[C@@H](Cc1ccc(O)cc1)C(=O)NC(C)(C)C(=O)N[C@@H](CCC(=O)N)C(=O)NCC(=O)N[C@@H]([C@@H](C)O)C(=O)N[C@@H](Cc1ccccc1)C(=O)N[C@@H]([C@@H](C)O)C(=O)N[C@@H](CO)C(=O)N[C@@H](CC(=O)O)C(=O)N[C@@H](Cc1ccc(O)cc1)C(=O)N[C@@H](CO)C(=O)N[C@@H]([C@H](CC)C)C(=O)N[C@@H](CC(C)C)C(=O)N[C@@H](CC(C)C)C(=O)N[C@@H](CC(=O)O)C(=O)N[C@@H](CCCCN)C(=O)N[C@@H]([C@H](CC)C)C(=O)N[C@@H](C)C(=O)N[C@@H](C)C(=O)N[C@@H](CCC(=O)N)C(=O)N[C@@H](C)C(=O)N[C@@H](Cc1ccccc1)C(=O)N[C@@H]([C@H](CC)C)C(=O)N[C@@H](CCC(=O)O)C(=O)N[C@@H](Cc1ccc(O)cc1)C(=O)N[C@@H](CC(C)C)C(=O)N[C@@H](CC(C)C)C(=O)N[C@@H](CCC(=O)O)C(=O)NCC(=O)NCC(=O)N1[C@@H](CCC1)C(=O)N[C@@H](CO)C(=O)N[C@@H](CCCCN)C(=O)NCC(=O)N[C@@H](C)C(=O)N1[C@@H](CCC1)C(=O)N1[C@@H](CCC1)C(=O)N1[C@@H](CCC1)C(=O)N[C@@H](CO)C(=O)O,33,Y--Aib--Q--G--T--F--T--S--D--Y--S--I--L--L--D--K--I--A--A--Q--A--F--I--E--Y--L--L--E--G--G--P--S--K--G--A--P--P--P--S,"['N[C@@H](Cc1ccc(O)cc1)C(=O)O', 'NC(C)(C)C(=O)O', 'N[C@@H](CCC(=O)N)C(=O)O', 'NCC(=O)O', 'N[C@@H]([C@@H](C)O)C(=O)O', 'N[C@@H](Cc1ccccc1)C(=O)O', 'N[C@@H]([C@@H](C)O)C(=O)O', 'N[C@@H](CO)C(=O)O', 'N[C@@H](CC(=O)O)C(=O)O', 'N[C@@H](Cc1ccc(O)cc1)C(=O)O', 'N[C@@H](CO)C(=O)O', 'N[C@@H]([C@H](CC)C)C(=O)O', 'N[C@@H](CC(C)C)C(=O)O', 'N[C@@H](CC(C)C)C(=O)O', 'N[C@@H](CC(=O)O)C(=O)O', 'N[C@@H](CCCCN)C(=O)O', 'N[C@@H]([C@H](CC)C)C(=O)O', 'N[C@@H](C)C(=O)O', 'N[C@@H](C)C(=O)O', 'N[C@@H](CCC(=O)N)C(=O)O', 'N[C@@H](C)C(=O)O', 'N[C@@H](Cc1ccccc1)C(=O)O', 'N[C@@H]([C@H](CC)C)C(=O)O', 'N[C@@H](CCC(=O)O)C(=O)O', 'N[C@@H](Cc1ccc(O)cc1)C(=O)O', 'N[C@@H](CC(C)C)C(=O)O', 'N[C@@H](CC(C)C)C(=O)O', 'N[C@@H](CCC(=O)O)C(=O)O', 'NCC(=O)O', 'NCC(=O)O', 'N1[C@@H](CCC1)C(=O)O', 'N[C@@H](CO)C(=O)O', 'N[C@@H](CCCCN)C(=O)O', 'NCC(=O)O', 'N[C@@H](C)C(=O)O', 'N1[C@@H](CCC1)C(=O)O', 'N1[C@@H](CCC1)C(=O)O', 'N1[C@@H](CCC1)C(=O)O', 'N[C@@H](CO)C(=O)O']",39,"['Y', 'Aib', 'Q', 'G', 'T', 'F', 'T', 'S', 'D', 'Y', 'S', 'I', 'L', 'L', 'D', 'K', 'I', 'A', 'A', 'Q', 'A', 'F', 'I', 'E', 'Y', 'L', 'L', 'E', 'G', 'G', 'P', 'S', 'K*', 'G', 'A', 'P', 'P', 'P', 'S']","['N[C@@H](Cc1ccc(O)cc1)C(=O)O', 'NC(C)(C)C(=O)O', 'N[C@@H](CCC(=O)N)C(=O)O', 'NCC(=O)O', 'N[C@@H]([C@@H](C)O)C(=O)O', 'N[C@@H](Cc1ccccc1)C(=O)O', 'N[C@@H]([C@@H](C)O)C(=O)O', 'N[C@@H](CO)C(=O)O', 'N[C@@H](CC(=O)O)C(=O)O', 'N[C@@H](Cc1ccc(O)cc1)C(=O)O', 'N[C@@H](CO)C(=O)O', 'N[C@@H]([C@H](CC)C)C(=O)O', 'N[C@@H](CC(C)C)C(=O)O', 'N[C@@H](CC(C)C)C(=O)O', 'N[C@@H](CC(=O)O)C(=O)O', 'N[C@@H](CCCCN)C(=O)O', 'N[C@@H]([C@H](CC)C)C(=O)O', 'N[C@@H](C)C(=O)O', 'N[C@@H](C)C(=O)O', 'N[C@@H](CCC(=O)N)C(=O)O', 'N[C@@H](C)C(=O)O', 'N[C@@H](Cc1ccccc1)C(=O)O', 'N[C@@H]([C@H](CC)C)C(=O)O', 'N[C@@H](CCC(=O)O)C(=O)O', 'N[C@@H](Cc1ccc(O)cc1)C(=O)O', 'N[C@@H](CC(C)C)C(=O)O', 'N[C@@H](CC(C)C)C(=O)O', 'N[C@@H](CCC(=O)O)C(=O)O', 'NCC(=O)O', 'NCC(=O)O', 'N1[C@@H](CCC1)C(=O)O', 'N[C@@H](CO)C(=O)O', 'N[C@H](C(=O)O)CCCCNC(=O)COCCOCCNC(=O)COCCOCCNC(=O)CC[C@@H](NC(=O)CCCCCCCCCCCCCCCCC(=O)O)C(=O)O', 'NCC(=O)O', 'N[C@@H](C)C(=O)O', 'N1[C@@H](CCC1)C(=O)O', 'N1[C@@H](CCC1)C(=O)O', 'N1[C@@H](CCC1)C(=O)O', 'N[C@@H](CO)C(=O)O']",semaglutide_side,862.0141,10.517214955501547,9.937843221137626,9.252385621895648,0.0304,0.1154,0.5593
Bit-10-T,141,N[C@@H](Cc1ccc(O)cc1)C(=O)NC(C)(C)C(=O)N[C@@H](CCC(=O)N)C(=O)NCC(=O)N[C@@H]([C@@H](C)O)C(=O)N[C@@H](Cc1ccccc1)C(=O)N[C@@H]([C@@H](C)O)C(=O)N[C@@H](CO)C(=O)N[C@@H](CC(=O)O)C(=O)N[C@@H](Cc1ccc(O)cc1)C(=O)N[C@@H](CO)C(=O)N[C@@H]([C@H](CC)C)C(=O)N[C@@H](CC(C)C)C(=O)N[C@@H](CC(C)C)C(=O)N[C@@H](CC(=O)O)C(=O)N[C@@H](CCCCN)C(=O)N[C@@H]([C@H](CC)C)C(=O)N[C@@H](C)C(=O)N[C@@H](C)C(=O)N[C@@H](CCC(=O)N)C(=O)N[C@@H](C)C(=O)N[C@@H](Cc1ccccc1)C(=O)N[C@@H]([C@H](CC)C)C(=O)N[C@@H](CCC(=O)O)C(=O)N[C@@H](Cc1ccc(O)cc1)C(=O)N[C@@H](CC(C)C)C(=O)N[C@@H](CC(C)C)C(=O)N[C@@H](CCC(=O)O)C(=O)NCC(=O)NCC(=O)N1[C@@H](CCC1)C(=O)N[C@@H](CO)C(=O)N[C@@H](CCCCN)C(=O)NCC(=O)N[C@@H](C)C(=O)N1[C@@H](CCC1)C(=O)N1[C@@H](CCC1)C(=O)N1[C@@H](CCC1)C(=O)N[C@@H](CO)C(=O)O,33,Y--Aib--Q--G--T--F--T--S--D--Y--S--I--L--L--D--K--I--A--A--Q--A--F--I--E--Y--L--L--E--G--G--P--S--K--G--A--P--P--P--S,"['N[C@@H](Cc1ccc(O)cc1)C(=O)O', 'NC(C)(C)C(=O)O', 'N[C@@H](CCC(=O)N)C(=O)O', 'NCC(=O)O', 'N[C@@H]([C@@H](C)O)C(=O)O', 'N[C@@H](Cc1ccccc1)C(=O)O', 'N[C@@H]([C@@H](C)O)C(=O)O', 'N[C@@H](CO)C(=O)O', 'N[C@@H](CC(=O)O)C(=O)O', 'N[C@@H](Cc1ccc(O)cc1)C(=O)O', 'N[C@@H](CO)C(=O)O', 'N[C@@H]([C@H](CC)C)C(=O)O', 'N[C@@H](CC(C)C)C(=O)O', 'N[C@@H](CC(C)C)C(=O)O', 'N[C@@H](CC(=O)O)C(=O)O', 'N[C@@H](CCCCN)C(=O)O', 'N[C@@H]([C@H](CC)C)C(=O)O', 'N[C@@H](C)C(=O)O', 'N[C@@H](C)C(=O)O', 'N[C@@H](CCC(=O)N)C(=O)O', 'N[C@@H](C)C(=O)O', 'N[C@@H](Cc1ccccc1)C(=O)O', 'N[C@@H]([C@H](CC)C)C(=O)O', 'N[C@@H](CCC(=O)O)C(=O)O', 'N[C@@H](Cc1ccc(O)cc1)C(=O)O', 'N[C@@H](CC(C)C)C(=O)O', 'N[C@@H](CC(C)C)C(=O)O', 'N[C@@H](CCC(=O)O)C(=O)O', 'NCC(=O)O', 'NCC(=O)O', 'N1[C@@H](CCC1)C(=O)O', 'N[C@@H](CO)C(=O)O', 'N[C@@H](CCCCN)C(=O)O', 'NCC(=O)O', 'N[C@@H](C)C(=O)O', 'N1[C@@H](CCC1)C(=O)O', 'N1[C@@H](CCC1)C(=O)O', 'N1[C@@H](CCC1)C(=O)O', 'N[C@@H](CO)C(=O)O']",39,"['Y', 'Aib', 'Q', 'G', 'T', 'F', 'T', 'S', 'D', 'Y', 'S', 'I', 'L', 'L', 'D', 'K', 'I', 'A', 'A', 'Q', 'A', 'F', 'I', 'E', 'Y', 'L', 'L', 'E', 'G', 'G', 'P', 'S', 'K*', 'G', 'A', 'P', 'P', 'P', 'S']","['N[C@@H](Cc1ccc(O)cc1)C(=O)O', 'NC(C)(C)C(=O)O', 'N[C@@H](CCC(=O)N)C(=O)O', 'NCC(=O)O', 'N[C@@H]([C@@H](C)O)C(=O)O', 'N[C@@H](Cc1ccccc1)C(=O)O', 'N[C@@H]([C@@H](C)O)C(=O)O', 'N[C@@H](CO)C(=O)O', 'N[C@@H](CC(=O)O)C(=O)O', 'N[C@@H](Cc1ccc(O)cc1)C(=O)O', 'N[C@@H](CO)C(=O)O', 'N[C@@H]([C@H](CC)C)C(=O)O', 'N[C@@H](CC(C)C)C(=O)O', 'N[C@@H](CC(C)C)C(=O)O', 'N[C@@H](CC(=O)O)C(=O)O', 'N[C@@H](CCCCN)C(=O)O', 'N[C@@H]([C@H](CC)C)C(=O)O', 'N[C@@H](C)C(=O)O', 'N[C@@H](C)C(=O)O', 'N[C@@H](CCC(=O)N)C(=O)O', 'N[C@@H](C)C(=O)O', 'N[C@@H](Cc1ccccc1)C(=O)O', 'N[C@@H]([C@H](CC)C)C(=O)O', 'N[C@@H](CCC(=O)O)C(=O)O', 'N[C@@H](Cc1ccc(O)cc1)C(=O)O', 'N[C@@H](CC(C)C)C(=O)O', 'N[C@@H](CC(C)C)C(=O)O', 'N[C@@H](CCC(=O)O)C(=O)O', 'NCC(=O)O', 'NCC(=O)O', 'N1[C@@H](CCC1)C(=O)O', 'N[C@@H](CO)C(=O)O', 'N[C@H](C(=O)O)CCCCNC(=O)COCCOCCNC(=O)COCCOCCNC(=O)CC[C@H](NC(=O)CCCCCCCCCCCCCCCCCCC(=O)O)C(=O)O', 'NCC(=O)O', 'N[C@@H](C)C(=O)O', 'N1[C@@H](CCC1)C(=O)O', 'N1[C@@H](CCC1)C(=O)O', 'N1[C@@H](CCC1)C(=O)O', 'N[C@@H](CO)C(=O)O']",tirzepatide_side,890.126,10.5274911799933,10.020806636898216,9.36147320037777,0.0297,0.0953,0.435
Retatrutide_Backbone,1,N[C@@H](Cc1ccc(O)cc1)C(=O)NC(C)(C)C(=O)N[C@@H](CCC(=O)N)C(=O)NCC(=O)N[C@@H]([C@@H](C)O)C(=O)N[C@@H](Cc1ccccc1)C(=O)N[C@@H]([C@@H](C)O)C(=O)N[C@@H](CO)C(=O)N[C@@H](CC(=O)O)C(=O)N[C@@H](Cc1ccc(O)cc1)C(=O)N[C@@H](CO)C(=O)N[C@@H]([C@H](CC)C)C(=O)N[C@](CC(C)C)(C)C(=O)N[C@@H](CC(C)C)C(=O)N[C@@H](CC(=O)O)C(=O)N[C@@H](CCCCN)C(=O)N[C@@H](CCCCN)C(=O)N[C@@H](C)C(=O)N[C@@H](CCC(=O)N)C(=O)NC(C)(C)C(=O)N[C@@H](C)C(=O)N[C@@H](Cc1ccccc1)C(=O)N[C@@H]([C@H](CC)C)C(=O)N[C@@H](CCC(=O)O)C(=O)N[C@@H](Cc1ccc(O)cc1)C(=O)N[C@@H](CC(C)C)C(=O)N[C@@H](CC(C)C)C(=O)N[C@@H](CCC(=O)O)C(=O)NCC(=O)NCC(=O)N1[C@@H](CCC1)C(=O)N[C@@H](CO)C(=O)N[C@@H](CO)C(=O)NCC(=O)N[C@@H](C)C(=O)N1[C@@H](CCC1)C(=O)N1[C@@H](CCC1)C(=O)N1[C@@H](CCC1)C(=O)N[C@@H](CO)C(=O)O,17,Y--Aib--Q--G--T--F--T--S--D--Y--S--I--aMeL--L--D--K--K--A--Q--Aib--A--F--I--E--Y--L--L--E--G--G--P--S--S--G--A--P--P--P--S,"['N[C@@H](Cc1ccc(O)cc1)C(=O)O', 'NC(C)(C)C(=O)O', 'N[C@@H](CCC(=O)N)C(=O)O', 'NCC(=O)O', 'N[C@@H]([C@@H](C)O)C(=O)O', 'N[C@@H](Cc1ccccc1)C(=O)O', 'N[C@@H]([C@@H](C)O)C(=O)O', 'N[C@@H](CO)C(=O)O', 'N[C@@H](CC(=O)O)C(=O)O', 'N[C@@H](Cc1ccc(O)cc1)C(=O)O', 'N[C@@H](CO)C(=O)O', 'N[C@@H]([C@H](CC)C)C(=O)O', 'N[C@](CC(C)C)(C)C(=O)O', 'N[C@@H](CC(C)C)C(=O)O', 'N[C@@H](CC(=O)O)C(=O)O', 'N[C@@H](CCCCN)C(=O)O', 'N[C@@H](CCCCN)C(=O)O', 'N[C@@H](C)C(=O)O', 'N[C@@H](CCC(=O)N)C(=O)O', 'NC(C)(C)C(=O)O', 'N[C@@H](C)C(=O)O', 'N[C@@H](Cc1ccccc1)C(=O)O', 'N[C@@H]([C@H](CC)C)C(=O)O', 'N[C@@H](CCC(=O)O)C(=O)O', 'N[C@@H](Cc1ccc(O)cc1)C(=O)O', 'N[C@@H](CC(C)C)C(=O)O', 'N[C@@H](CC(C)C)C(=O)O', 'N[C@@H](CCC(=O)O)C(=O)O', 'NCC(=O)O', 'NCC(=O)O', 'N1[C@@H](CCC1)C(=O)O', 'N[C@@H](CO)C(=O)O', 'N[C@@H](CO)C(=O)O', 'NCC(=O)O', 'N[C@@H](C)C(=O)O', 'N1[C@@H](CCC1)C(=O)O', 'N1[C@@H](CCC1)C(=O)O', 'N1[C@@H](CCC1)C(=O)O', 'N[C@@H](CO)C(=O)O']",39,"['Y', 'Aib', 'Q', 'G', 'T', 'F', 'T', 'S', 'D', 'Y', 'S', 'I', 'aMeL', 'L', 'D', 'K', 'K*', 'A', 'Q', 'Aib', 'A', 'F', 'I', 'E', 'Y', 'L', 'L', 'E', 'G', 'G', 'P', 'S', 'S', 'G', 'A', 'P', 'P', 'P', 'S']","['N[C@@H](Cc1ccc(O)cc1)C(=O)O', 'NC(C)(C)C(=O)O', 'N[C@@H](CCC(=O)N)C(=O)O', 'NCC(=O)O', 'N[C@@H]([C@@H](C)O)C(=O)O', 'N[C@@H](Cc1ccccc1)C(=O)O', 'N[C@@H]([C@@H](C)O)C(=O)O', 'N[C@@H](CO)C(=O)O', 'N[C@@H](CC(=O)O)C(=O)O', 'N[C@@H](Cc1ccc(O)cc1)C(=O)O', 'N[C@@H](CO)C(=O)O', 'N[C@@H]([C@H](CC)C)C(=O)O', 'N[C@](CC(C)C)(C)C(=O)O', 'N[C@@H](CC(C)C)C(=O)O', 'N[C@@H](CC(=O)O)C(=O)O', 'N[C@@H](CCCCN)C(=O)O', 'N[C@H](C(=O)O)CCCCNC(=O)COCCOCCNC(=O)COCCOCCNC(=O)CC[C@H](NC(=O)CCCCCCCCCCCCCCCCCCC(=O)O)C(=O)O', 'N[C@@H](C)C(=O)O', 'N[C@@H](CCC(=O)N)C(=O)O', 'NC(C)(C)C(=O)O', 'N[C@@H](C)C(=O)O', 'N[C@@H](Cc1ccccc1)C(=O)O', 'N[C@@H]([C@H](CC)C)C(=O)O', 'N[C@@H](CCC(=O)O)C(=O)O', 'N[C@@H](Cc1ccc(O)cc1)C(=O)O', 'N[C@@H](CC(C)C)C(=O)O', 'N[C@@H](CC(C)C)C(=O)O', 'N[C@@H](CCC(=O)O)C(=O)O', 'NCC(=O)O', 'NCC(=O)O', 'N1[C@@H](CCC1)C(=O)O', 'N[C@@H](CO)C(=O)O', 'N[C@@H](CO)C(=O)O', 'NCC(=O)O', 'N[C@@H](C)C(=O)O', 'N1[C@@H](CCC1)C(=O)O', 'N1[C@@H](CCC1)C(=O)O', 'N1[C@@H](CCC1)C(=O)O', 'N[C@@H](CO)C(=O)O']",tirzepatide_side,890.126,10.484276376844548,9.820324491889965,9.389812572277853,0.0328,0.1512,0.4076
Retatrutide_Backbone,1,N[C@@H](Cc1ccc(O)cc1)C(=O)NC(C)(C)C(=O)N[C@@H](CCC(=O)N)C(=O)NCC(=O)N[C@@H]([C@@H](C)O)C(=O)N[C@@H](Cc1ccccc1)C(=O)N[C@@H]([C@@H](C)O)C(=O)N[C@@H](CO)C(=O)N[C@@H](CC(=O)O)C(=O)N[C@@H](Cc1ccc(O)cc1)C(=O)N[C@@H](CO)C(=O)N[C@@H]([C@H](CC)C)C(=O)N[C@](CC(C)C)(C)C(=O)N[C@@H](CC(C)C)C(=O)N[C@@H](CC(=O)O)C(=O)N[C@@H](CCCCN)C(=O)N[C@@H](CCCCN)C(=O)N[C@@H](C)C(=O)N[C@@H](CCC(=O)N)C(=O)NC(C)(C)C(=O)N[C@@H](C)C(=O)N[C@@H](Cc1ccccc1)C(=O)N[C@@H]([C@H](CC)C)C(=O)N[C@@H](CCC(=O)O)C(=O)N[C@@H](Cc1ccc(O)cc1)C(=O)N[C@@H](CC(C)C)C(=O)N[C@@H](CC(C)C)C(=O)N[C@@H](CCC(=O)O)C(=O)NCC(=O)NCC(=O)N1[C@@H](CCC1)C(=O)N[C@@H](CO)C(=O)N[C@@H](CO)C(=O)NCC(=O)N[C@@H](C)C(=O)N1[C@@H](CCC1)C(=O)N1[C@@H](CCC1)C(=O)N1[C@@H](CCC1)C(=O)N[C@@H](CO)C(=O)O,17,Y--Aib--Q--G--T--F--T--S--D--Y--S--I--aMeL--L--D--K--K--A--Q--Aib--A--F--I--E--Y--L--L--E--G--G--P--S--S--G--A--P--P--P--S,"['N[C@@H](Cc1ccc(O)cc1)C(=O)O', 'NC(C)(C)C(=O)O', 'N[C@@H](CCC(=O)N)C(=O)O', 'NCC(=O)O', 'N[C@@H]([C@@H](C)O)C(=O)O', 'N[C@@H](Cc1ccccc1)C(=O)O', 'N[C@@H]([C@@H](C)O)C(=O)O', 'N[C@@H](CO)C(=O)O', 'N[C@@H](CC(=O)O)C(=O)O', 'N[C@@H](Cc1ccc(O)cc1)C(=O)O', 'N[C@@H](CO)C(=O)O', 'N[C@@H]([C@H](CC)C)C(=O)O', 'N[C@](CC(C)C)(C)C(=O)O', 'N[C@@H](CC(C)C)C(=O)O', 'N[C@@H](CC(=O)O)C(=O)O', 'N[C@@H](CCCCN)C(=O)O', 'N[C@@H](CCCCN)C(=O)O', 'N[C@@H](C)C(=O)O', 'N[C@@H](CCC(=O)N)C(=O)O', 'NC(C)(C)C(=O)O', 'N[C@@H](C)C(=O)O', 'N[C@@H](Cc1ccccc1)C(=O)O', 'N[C@@H]([C@H](CC)C)C(=O)O', 'N[C@@H](CCC(=O)O)C(=O)O', 'N[C@@H](Cc1ccc(O)cc1)C(=O)O', 'N[C@@H](CC(C)C)C(=O)O', 'N[C@@H](CC(C)C)C(=O)O', 'N[C@@H](CCC(=O)O)C(=O)O', 'NCC(=O)O', 'NCC(=O)O', 'N1[C@@H](CCC1)C(=O)O', 'N[C@@H](CO)C(=O)O', 'N[C@@H](CO)C(=O)O', 'NCC(=O)O', 'N[C@@H](C)C(=O)O', 'N1[C@@H](CCC1)C(=O)O', 'N1[C@@H](CCC1)C(=O)O', 'N1[C@@H](CCC1)C(=O)O', 'N[C@@H](CO)C(=O)O']",39,"['Y', 'Aib', 'Q', 'G', 'T', 'F', 'T', 'S', 'D', 'Y', 'S', 'I', 'aMeL', 'L', 'D', 'K', 'K*', 'A', 'Q', 'Aib', 'A', 'F', 'I', 'E', 'Y', 'L', 'L', 'E', 'G', 'G', 'P', 'S', 'S', 'G', 'A', 'P', 'P', 'P', 'S']","['N[C@@H](Cc1ccc(O)cc1)C(=O)O', 'NC(C)(C)C(=O)O', 'N[C@@H](CCC(=O)N)C(=O)O', 'NCC(=O)O', 'N[C@@H]([C@@H](C)O)C(=O)O', 'N[C@@H](Cc1ccccc1)C(=O)O', 'N[C@@H]([C@@H](C)O)C(=O)O', 'N[C@@H](CO)C(=O)O', 'N[C@@H](CC(=O)O)C(=O)O', 'N[C@@H](Cc1ccc(O)cc1)C(=O)O', 'N[C@@H](CO)C(=O)O', 'N[C@@H]([C@H](CC)C)C(=O)O', 'N[C@](CC(C)C)(C)C(=O)O', 'N[C@@H](CC(C)C)C(=O)O', 'N[C@@H](CC(=O)O)C(=O)O', 'N[C@@H](CCCCN)C(=O)O', 'N[C@H](C(=O)O)CCCCNC(=O)COCCOCCNC(=O)CC[C@H](NC(=O)CCCCCCCCCCCCCCCCCCC(=O)O)C(=O)O', 'N[C@@H](C)C(=O)O', 'N[C@@H](CCC(=O)N)C(=O)O', 'NC(C)(C)C(=O)O', 'N[C@@H](C)C(=O)O', 'N[C@@H](Cc1ccccc1)C(=O)O', 'N[C@@H]([C@H](CC)C)C(=O)O', 'N[C@@H](CCC(=O)O)C(=O)O', 'N[C@@H](Cc1ccc(O)cc1)C(=O)O', 'N[C@@H](CC(C)C)C(=O)O', 'N[C@@H](CC(C)C)C(=O)O', 'N[C@@H](CCC(=O)O)C(=O)O', 'NCC(=O)O', 'NCC(=O)O', 'N1[C@@H](CCC1)C(=O)O', 'N[C@@H](CO)C(=O)O', 'N[C@@H](CO)C(=O)O', 'NCC(=O)O', 'N[C@@H](C)C(=O)O', 'N1[C@@H](CCC1)C(=O)O', 'N1[C@@H](CCC1)C(=O)O', 'N1[C@@H](CCC1)C(=O)O', 'N[C@@H](CO)C(=O)O']",retatrutide_side,744.968,10.540819390660095,9.927461062509177,9.457250328757505,0.0288,0.1182,0.3489
Retatrutide_Backbone,1,N[C@@H](Cc1ccc(O)cc1)C(=O)NC(C)(C)C(=O)N[C@@H](CCC(=O)N)C(=O)NCC(=O)N[C@@H]([C@@H](C)O)C(=O)N[C@@H](Cc1ccccc1)C(=O)N[C@@H]([C@@H](C)O)C(=O)N[C@@H](CO)C(=O)N[C@@H](CC(=O)O)C(=O)N[C@@H](Cc1ccc(O)cc1)C(=O)N[C@@H](CO)C(=O)N[C@@H]([C@H](CC)C)C(=O)N[C@](CC(C)C)(C)C(=O)N[C@@H](CC(C)C)C(=O)N[C@@H](CC(=O)O)C(=O)N[C@@H](CCCCN)C(=O)N[C@@H](CCCCN)C(=O)N[C@@H](C)C(=O)N[C@@H](CCC(=O)N)C(=O)NC(C)(C)C(=O)N[C@@H](C)C(=O)N[C@@H](Cc1ccccc1)C(=O)N[C@@H]([C@H](CC)C)C(=O)N[C@@H](CCC(=O)O)C(=O)N[C@@H](Cc1ccc(O)cc1)C(=O)N[C@@H](CC(C)C)C(=O)N[C@@H](CC(C)C)C(=O)N[C@@H](CCC(=O)O)C(=O)NCC(=O)NCC(=O)N1[C@@H](CCC1)C(=O)N[C@@H](CO)C(=O)N[C@@H](CO)C(=O)NCC(=O)N[C@@H](C)C(=O)N1[C@@H](CCC1)C(=O)N1[C@@H](CCC1)C(=O)N1[C@@H](CCC1)C(=O)N[C@@H](CO)C(=O)O,17,Y--Aib--Q--G--T--F--T--S--D--Y--S--I--aMeL--L--D--K--K--A--Q--Aib--A--F--I--E--Y--L--L--E--G--G--P--S--S--G--A--P--P--P--S,"['N[C@@H](Cc1ccc(O)cc1)C(=O)O', 'NC(C)(C)C(=O)O', 'N[C@@H](CCC(=O)N)C(=O)O', 'NCC(=O)O', 'N[C@@H]([C@@H](C)O)C(=O)O', 'N[C@@H](Cc1ccccc1)C(=O)O', 'N[C@@H]([C@@H](C)O)C(=O)O', 'N[C@@H](CO)C(=O)O', 'N[C@@H](CC(=O)O)C(=O)O', 'N[C@@H](Cc1ccc(O)cc1)C(=O)O', 'N[C@@H](CO)C(=O)O', 'N[C@@H]([C@H](CC)C)C(=O)O', 'N[C@](CC(C)C)(C)C(=O)O', 'N[C@@H](CC(C)C)C(=O)O', 'N[C@@H](CC(=O)O)C(=O)O', 'N[C@@H](CCCCN)C(=O)O', 'N[C@@H](CCCCN)C(=O)O', 'N[C@@H](C)C(=O)O', 'N[C@@H](CCC(=O)N)C(=O)O', 'NC(C)(C)C(=O)O', 'N[C@@H](C)C(=O)O', 'N[C@@H](Cc1ccccc1)C(=O)O', 'N[C@@H]([C@H](CC)C)C(=O)O', 'N[C@@H](CCC(=O)O)C(=O)O', 'N[C@@H](Cc1ccc(O)cc1)C(=O)O', 'N[C@@H](CC(C)C)C(=O)O', 'N[C@@H](CC(C)C)C(=O)O', 'N[C@@H](CCC(=O)O)C(=O)O', 'NCC(=O)O', 'NCC(=O)O', 'N1[C@@H](CCC1)C(=O)O', 'N[C@@H](CO)C(=O)O', 'N[C@@H](CO)C(=O)O', 'NCC(=O)O', 'N[C@@H](C)C(=O)O', 'N1[C@@H](CCC1)C(=O)O', 'N1[C@@H](CCC1)C(=O)O', 'N1[C@@H](CCC1)C(=O)O', 'N[C@@H](CO)C(=O)O']",39,"['Y', 'Aib', 'Q', 'G', 'T', 'F', 'T', 'S', 'D', 'Y', 'S', 'I', 'aMeL', 'L', 'D', 'K', 'K*', 'A', 'Q', 'Aib', 'A', 'F', 'I', 'E', 'Y', 'L', 'L', 'E', 'G', 'G', 'P', 'S', 'S', 'G', 'A', 'P', 'P', 'P', 'S']","['N[C@@H](Cc1ccc(O)cc1)C(=O)O', 'NC(C)(C)C(=O)O', 'N[C@@H](CCC(=O)N)C(=O)O', 'NCC(=O)O', 'N[C@@H]([C@@H](C)O)C(=O)O', 'N[C@@H](Cc1ccccc1)C(=O)O', 'N[C@@H]([C@@H](C)O)C(=O)O', 'N[C@@H](CO)C(=O)O', 'N[C@@H](CC(=O)O)C(=O)O', 'N[C@@H](Cc1ccc(O)cc1)C(=O)O', 'N[C@@H](CO)C(=O)O', 'N[C@@H]([C@H](CC)C)C(=O)O', 'N[C@](CC(C)C)(C)C(=O)O', 'N[C@@H](CC(C)C)C(=O)O', 'N[C@@H](CC(=O)O)C(=O)O', 'N[C@@H](CCCCN)C(=O)O', 'N[C@H](C(=O)O)CCCCNC(=O)COCCOCCNC(=O)COCCOCCNC(=O)CC[C@@H](NC(=O)CCCCCCCCCCCCCCCCC(=O)O)C(=O)O', 'N[C@@H](C)C(=O)O', 'N[C@@H](CCC(=O)N)C(=O)O', 'NC(C)(C)C(=O)O', 'N[C@@H](C)C(=O)O', 'N[C@@H](Cc1ccccc1)C(=O)O', 'N[C@@H]([C@H](CC)C)C(=O)O', 'N[C@@H](CCC(=O)O)C(=O)O', 'N[C@@H](Cc1ccc(O)cc1)C(=O)O', 'N[C@@H](CC(C)C)C(=O)O', 'N[C@@H](CC(C)C)C(=O)O', 'N[C@@H](CCC(=O)O)C(=O)O', 'NCC(=O)O', 'NCC(=O)O', 'N1[C@@H](CCC1)C(=O)O', 'N[C@@H](CO)C(=O)O', 'N[C@@H](CO)C(=O)O', 'NCC(=O)O', 'N[C@@H](C)C(=O)O', 'N1[C@@H](CCC1)C(=O)O', 'N1[C@@H](CCC1)C(=O)O', 'N1[C@@H](CCC1)C(=O)O', 'N[C@@H](CO)C(=O)O']",semaglutide_side,862.0141,10.480237247184194,9.755393867409502,9.332273221538172,0.0331,0.1756,0.4653
